﻿<?xml version="1.0" encoding="UTF-8"?>

<Maps>
    <Map Type="System" Name="ALL_NAVAIDS_NAMES" Priority="0" Center="-25.0-175.0">
      <Label HasLeader="true">
        <Point Name="AA">-172123.000-1453032.800</Point>
        <Point Name="AA">+003000.000+1735060.000</Point>
        <Point Name="AI">-184929.280-1594624.359</Point>
        <Point Name="AN">-094508.701-1390004.399</Point>
        <Point Name="AT">-200011.999-1580624.001</Point>
        <Point Name="AV">-235303.998-1473953.302</Point>
        <Point Name="BA">-174133.079+1681606.679</Point>
        <Point Name="BB">-162639.502-1514516.700</Point>
        <Point Name="BL"> -194319.700+1633948.100</Point>
        <Point Name="BO">+012246.999+1730844.999</Point>
        <Point Name="BSF">+194548.082-1553539.682</Point>
        <Point Name="CI">-435725.279-1763358.831</Point>
        <Point Name="FA">-173310.760-1493649.702</Point>
        <Point Name="FA">-134934.522-1720103.421</Point>
        <Point Name="FK">-160314.198-1453915.401</Point>
        <Point Name="FM">-211459.399-1750840.999</Point>
        <Point Name="FN">-154915.701-1405310.100</Point>
        <Point Name="FN">-141840.900-1780410.099</Point>
        <Point Name="FND">-220000.900+1661115.400</Point>
        <Point Name="FU">-083128.999+1791152.001</Point>
        <Point Name="GB">-104326.000+1654650.999</Point>
        <Point Name="HAO">-180454.998-1405625.598</Point>
        <Point Name="HH">-164122.600-1510137.301</Point>
        <Point Name="HK">-424345.620+1705722.388</Point>
        <Point Name="HL">-211532.000+1653641.000</Point>
        <Point Name="HN">-092526.720+1600316.740</Point>
        <Point Name="HO">-131425.800-1761150.798</Point>
        <Point Name="HV">-094614.801-1390049.601</Point>
        <Point Name="IP">-223524.000+1672703.899</Point>
        <Point Name="KO">-203230.300+1641539.802</Point>
        <Point Name="KQ">-210617.500+1645220.100</Point>
        <Point Name="KT" >-350142.920+1731432.489</Point>
        <Point Name="KT">-350145.790+1731428.201</Point>
        <Point Name="LK">-181218.000-1784847.999</Point>
        <Point Name="LOG">-142113.500-1704456.198</Point>
        <Point Name="LU">-204631.102+1671416.901</Point>
        <Point Name="MA">-162540.102-1521432.399</Point>
        <Point Name="MAJ">+070355.040+1711606.881</Point>
        <Point Name="MD">-222840.800+1662802.201</Point>
        <Point Name="MG">-230541.201-1345231.300</Point>
        <Point Name="MG">-221611.600+1662823.099</Point>
        <Point Name="MH">-142558.699-1460343.700</Point>
        <Point Name="MH">-102246.801-1610009.000</Point>
        <Point Name="MI">-175358.999+1771932.002</Point>
        <Point Name="MK">-163516.102-1433918.900</Point>
        <Point Name="MO">-172836.800-1494630.698</Point>
        <Point Name="MR">-212853.800+1680208.902</Point>
        <Point Name="MT">-164117.700-1795248.698</Point>
        <Point Name="NA">-180251.799+1783331.900</Point>
        <Point Name="NDJ">+084315.179+1674339.990</Point>
        <Point Name="NF">-290026.078+1675515.038</Point>
        <Point Name="NH">-084739.998-1401312.601</Point>
        <Point Name="NI">-003232.719+1665504.469</Point>
        <Point Name="NO">-180052.999+1782804.001</Point>
        <Point Name="NP">-141032.599-1411555.300</Point>
        <Point Name="NU">-190428.981-1695454.950</Point>
        <Point Name="NW">-215615.900+1660432.300</Point>
        <Point Name="OA">-203831.700+1663419.402</Point>
        <Point Name="OA">-145721.301-1473937.598</Point>
        <Point Name="OI">-203911.999-1784430.001</Point>
        <Point Name="PY">-085938.990-1580237.831</Point>
        <Point Name="RE">-182749.399-1362639.098</Point>
        <Point Name="RG">-211227.101-1594917.648</Point>
        <Point Name="RM">-122853.602+1770417.900</Point>
        <Point Name="RT" >-222557.601-1512207.799</Point>
        <Point Name="RU">-164317.101-1512759.699</Point>
        <Point Name="SON">-153022.291+1671259.620</Point>
        <Point Name="TB">-232213.001-1493141.902</Point>
        <Point Name="TH">-204725.001+1651520.200</Point>
        <Point Name="TP">-144231.298-1451449.700</Point>
        <Point Name="TUT">-141955.700-1704310.240</Point>
        <Point Name="TV">-183508.002-1735810.999</Point>
        <Point Name="VK">-174704.999+1772510.200</Point>
        <Point Name="WG">-192740.320+1691328.628</Point>
        <Point Name="XI">+015859.819-1572117.089</Point>
        <Point Name="AA">-370016.700+1744849.100</Point>
        <Point Name="CH">-433014.800+1723052.700</Point>
        <Point Name="CI">-435725.279-1763358.831</Point>
        <Point Name="FA">-134943.500-1715934.591</Point>
        <Point Name="FU">-083128.481+1791151.079</Point>
        <Point Name="HHN">-164107.699-1510037.901</Point>
        <Point Name="HN">-092606.479+1600214.201</Point>
        <Point Name="HNL">+211829.909-1575549.519</Point>
        <Point Name="HOI">-131422.499-1761206.599</Point>
        <Point Name="ITA">-744129.170+1640614.209</Point>
        <Point Name="IPA">-270950.000-1092420.999</Point>
        <Point Name="LB">-162505.999+1791852.999</Point>
        <Point Name="LFU">-204627.098+1671426.002</Point>
        <Point Name="LTO">-220019.598+1661242.001</Point>
        <Point Name="MAJ">+070355.289+1711607.810</Point>
        <Point Name="MGA">-221855.400+1662823.401</Point>
        <Point Name="NA">-180232.302+1783342.998</Point>
        <Point Name="NF">-290250.438+1675555.762</Point>
        <Point Name="NI">-003237.630+1665514.722</Point>
        <Point Name="NN">-173916.999+1772344.999</Point>
        <Point Name="NU">-190426.681-1695457.240</Point>
        <Point Name="NV">-462441.620+1681903.389</Point>
        <Point Name="OH">-401234.600+1752331.099</Point>
        <Point Name="QN">-445902.810+1684657.529</Point>
        <Point Name="RAN">-145701.501-1474025.000</Point>
        <Point Name="RG">-211205.551-1594851.790</Point>
        <Point Name="RO">-380628.980+1761850.090</Point>
        <Point Name="SON">-153023.828+1671301.628</Point>
        <Point Name="SW">-454740.268+1702837.898</Point>
        <Point Name="TA">+012259.700+1730846.601</Point>
        <Point Name="TAF">-173249.628-1493605.429</Point>
        <Point Name="TBU">-211439.001-1750854.920</Point>
        <Point Name="TUT">-141957.320-1704229.801</Point>
        <Point Name="VLI">-173943.700+1681438.159</Point>
        <Point Name="WN">-412014.021+1744901.060</Point>
        <Point Name="WP">-364712.458+1743752.410</Point>
        <Point Name="WR">-354616.799+1742142.901</Point>
        <Point Name="ZFX">-775649.330+1664449.240</Point>
        <Point Name="ZWD">-775321.980+1670551.990</Point>
        <Point Name="ZIR">-775114.400+1662808.400</Point>
        <Point Name="ZPG">-775717.640+1663046.800</Point>
      </Label>
    </Map>
    
    <Map Type="System" Name="ALL_NAVAIDS" Priority="0" Center="-25.0-175.0">
      <Symbol Type="DotFillCircle">
        <Point>-172123.000-1453032.800</Point>
        <Point>+003000.000+1735060.000</Point>
        <Point>-184929.280-1594624.359</Point>
        <Point>-094508.701-1390004.399</Point>
        <Point>-200011.999-1580624.001</Point>
        <Point>-235303.998-1473953.302</Point>
        <Point>-174133.079+1681606.679</Point>
        <Point>-162639.502-1514516.700</Point>
        <Point> -194319.700+1633948.100</Point>
        <Point>+012246.999+1730844.999</Point>
        <Point>+194548.082-1553539.682</Point>
        <Point>-435725.279-1763358.831</Point>
        <Point>-173310.760-1493649.702</Point>
        <Point>-134934.522-1720103.421</Point>
        <Point>-160314.198-1453915.401</Point>
        <Point>-211459.399-1750840.999</Point>
        <Point>-154915.701-1405310.100</Point>
        <Point>-141840.900-1780410.099</Point>
        <Point>-220000.900+1661115.400</Point>
        <Point>-083128.999+1791152.001</Point>
        <Point>-104326.000+1654650.999</Point>
        <Point>-180454.998-1405625.598</Point>
        <Point>-164122.600-1510137.301</Point>
        <Point>-424345.620+1705722.388</Point>
        <Point>-211532.000+1653641.000</Point>
        <Point>-092526.720+1600316.740</Point>
        <Point>-131425.800-1761150.798</Point>
        <Point>-094614.801-1390049.601</Point>
        <Point>-223524.000+1672703.899</Point>
        <Point>-203230.300+1641539.802</Point>
        <Point>-210617.500+1645220.100</Point>
        <Point>-350142.920+1731432.489</Point>
        <Point>-181218.000-1784847.999</Point>
        <Point>-142113.500-1704456.198</Point>
        <Point>-204631.102+1671416.901</Point>
        <Point>-162540.102-1521432.399</Point>
        <Point>+070355.040+1711606.881</Point>
        <Point>-222840.800+1662802.201</Point>
        <Point>-230541.201-1345231.300</Point>
        <Point>-221611.600+1662823.099</Point>
        <Point>-142558.699-1460343.700</Point>
        <Point>-102246.801-1610009.000</Point>
        <Point>-175358.999+1771932.002</Point>
        <Point>-163516.102-1433918.900</Point>
        <Point>-172836.800-1494630.698</Point>
        <Point>-212853.800+1680208.902</Point>
        <Point>-164117.700-1795248.698</Point>
        <Point>-180251.799+1783331.900</Point>
        <Point>+084315.179+1674339.990</Point>
        <Point>-290026.078+1675515.038</Point>
        <Point>-084739.998-1401312.601</Point>
        <Point>-003232.719+1665504.469</Point>
        <Point>-180052.999+1782804.001</Point>
        <Point>-141032.599-1411555.300</Point>
        <Point>-190428.981-1695454.950</Point>
        <Point>-215615.900+1660432.300</Point>
        <Point>-203831.700+1663419.402</Point>
        <Point>-145721.301-1473937.598</Point>
        <Point>-203911.999-1784430.001</Point>
        <Point>-085938.990-1580237.831</Point>
        <Point>-182749.399-1362639.098</Point>
        <Point>-211227.101-1594917.648</Point>
        <Point>-122853.602+1770417.900</Point>
        <Point >-222557.601-1512207.799</Point>
        <Point>-164317.101-1512759.699</Point>
        <Point>-153022.291+1671259.620</Point>
        <Point>-232213.001-1493141.902</Point>
        <Point>-204725.001+1651520.200</Point>
        <Point>-144231.298-1451449.700</Point>
        <Point>-141955.700-1704310.240</Point>
        <Point>-183508.002-1735810.999</Point>
        <Point>-174704.999+1772510.200</Point>
        <Point>-192740.320+1691328.628</Point>
        <Point>+015859.819-1572117.089</Point>
      </Symbol>
      <Symbol Type="Hexagon">
        <Point>-370016.700+1744849.100</Point>
        <Point>-433014.800+1723052.700</Point>
        <Point>-435725.279-1763358.831</Point>
        <Point>-134943.500-1715934.591</Point>
        <Point>-083128.481+1791151.079</Point>
        <Point>-164107.699-1510037.901</Point>
        <Point>-092606.479+1600214.201</Point>
        <Point>+211829.909-1575549.519</Point>
        <Point>-131422.499-1761206.599</Point>
        <Point>-744129.170+1640614.209</Point>
        <Point>-270950.000-1092420.999</Point>
        <Point>-350145.790+1731428.201</Point>
        <Point>-162505.999+1791852.999</Point>
        <Point>-204627.098+1671426.002</Point>
        <Point>-220019.598+1661242.001</Point>
        <Point>+070355.289+1711607.810</Point>
        <Point>-221855.400+1662823.401</Point>
        <Point>-180232.302+1783342.998</Point>
        <Point>-290250.438+1675555.762</Point>
        <Point>-003237.630+1665514.722</Point>
        <Point>-173916.999+1772344.999</Point>
        <Point>-190426.681-1695457.240</Point>
        <Point>-462441.620+1681903.389</Point>
        <Point>-401234.600+1752331.099</Point>
        <Point>-445902.810+1684657.529</Point>
        <Point>-145701.501-1474025.000</Point>
        <Point>-211205.551-1594851.790</Point>
        <Point>-380628.980+1761850.090</Point>
        <Point>-153023.828+1671301.628</Point>
        <Point>-454740.268+1702837.898</Point>
        <Point>+012259.700+1730846.601</Point>
        <Point>-173249.628-1493605.429</Point>
        <Point>-211439.001-1750854.920</Point>
        <Point>-141957.320-1704229.801</Point>
        <Point>-173943.700+1681438.159</Point>
        <Point>-412014.021+1744901.060</Point>
        <Point>-364712.458+1743752.410</Point>
        <Point>-354616.799+1742142.901</Point>
        <Point>-775649.330+1664449.240</Point>
        <Point>-775321.980+1670551.990</Point>
        <Point>-775114.400+1662808.400</Point>
        <Point>-775717.640+1663046.800</Point>
      </Symbol>
    </Map>

</Maps>