﻿<?xml version="1.0" encoding="UTF-8"?>

<Maps>
    <Map Type="System" Name="ALL_ROUTES_HIGH" Priority="1" Center="-25.0-175.0">
     <Line Name="P753_0">BUGBA.P753.QN VOR</Line>
     <Line Name="M643_0">ELGUN.M643.KABIN</Line>
     <Line Name="P766_0">OMKIN.P766.ADKOS</Line>
     <Line Name="L508_0">OMKIN.L508.RG VOR</Line>
     <Line Name="M625_0">TOMAR.M625.WN VOR</Line>
     <Line Name="L513_0">MIDAT.L513.AA VOR</Line> 
     <Line Name="N750_0">SULON.N750.CH VOR</Line>
     <Line Name="P880_0">NUMSA.P880.QN VOR</Line>
     <Line Name="M636_0">SASRO.M636.WN VOR</Line>
     <Line Name="N759_0">SASRO.N759.AA VOR</Line>
     <Line Name="L521_0">LEGAN.L521.AA VOR</Line> 
     <Line Name="N774_0">OLREL.N774.AA VOR</Line> 
     <Line Name="M639_0">VEPAS.M639WN VOR</Line>
     <Line Name="G595_0">SARAP.G595.TAF VOR</Line>
     <Line Name="A464_0">RIGMI.A464.AA VOR</Line>
     <Line Name="A346_0">TEKEP.A346.AA VOR</Line>
     <Line Name="B450_0">TEKEP.B450.TUT VOR</Line>
     <Line Name="B451_0">DOLSI.B451GURDI</Line>
     <Line Name="G329_0">DOVOM.G329.NF VOR</Line>
     <Line Name="A579_0">UBLIN.A579.CARRP</Line>
     <Line Name="B333_0">RUMIX.B333.SALAG</Line>
     <Line Name="B601_0">VESUN.B601.ATPEN</Line>
     <Line Name="B580_0">VESUN.B580.BARKR</Line>
     <Line Name="B578_0">TEBUR.B578.TAF VOR</Line>
     <Line Name="B602_0">TEBUR.B602.ATPEN</Line>
     <Line Name="G591_0">MEPAB.G591.KT NDB</Line>
     <Line Name="R587_0">MEPAB.R587.VLI VOR</Line>
     <Line Name="B474_0">MEPAB.B474.BARKR</Line>
     <Line Name="B586_0">BODEG.B586.LTO VOR</Line>
     <Line Name="A597_0">KAKOP.A597.AA VOR</Line>
     <Line Name="L326_0">NF VOR.L326.MOTKO</Line>
     <Line Name="R582_0">NF VOR.R582.KRILL</Line>
     <Line Name="G224_0">NF VOR.G224.TAF VOR</Line>
     <Line Name="A598_0">RIPNA.A598.MARTI</Line>
     <Line Name="G342_0">NODOK.G342.HN VOR</Line>
     <Line Name="B598_0">NIPOK.B598.RG VOR</Line>
     <Line Name="R599_0">ENDAL.R599.DUGAN</Line>
     <Line Name="R450_0">DUGOM.R450.SON VOR</Line>
     <Line Name="B452_0">PONOK.B452.NN VOR</Line>
     <Line Name="B326_0">HN VOR.B326.NIXEE</Line>
     <Line Name="B589_0">TASAK.B589.ELNUR</Line>
     <Line Name="A578_0">FENSE.A578.AA VOR</Line>
     <Line Name="G223_0">MUBIT.G223.SAREG</Line>
     <Line Name="A584_0">TBU VOR.A584.NU VOR</Line>
     <Line Name="A580_0">AA VOR.A580.FA VOR</Line>
     <Line Name="G347_0">AA VOR.G347.DATBE</Line>
     <Line Name="B575_0">AA VOR.B575.TUT VOR</Line>
     <Line Name="G457_0">SELKA.G457.DATBE</Line>
     <Line Name="Q912_0">OKTUB.Q912.TATAS</Line>
     <Line Name="Q947_0">OKTUB.Q947.MEXIP</Line>
     <Line Name="Q983_0">OKTUB.Q983.IGETO</Line>
     <Line Name="B200_0">AKLOM.B200.BISOX</Line>
     <Line Name="G594_0">AA VOR.G594.TIAMU</Line>
     <Line Name="G599_0">AA VOR.G599.TAF VOR</Line>
     <Line Name="R327_0">GS VOR.R327.NU VOR</Line>
     <Line Name="Q697_0">GS VOR.Q697.CI VOR</Line>
     <Line Name="Q712_0">NR VOR.Q712.CI VOR</Line>
     <Line Name="Q611_0">WN VOR.Q611.CI VOR</Line>
     <Line Name="Q854_0">CH VOR.Q854.CI VOR</Line>
     <Line Name="A338_0">CH VOR.A338.NOBEY</Line>
     <Line Name="P640_0">HELGE.P640.BYRRD</Line>
     <Line Name="B590_0">LTO VOR.B590.NI VOR</Line>
     <Line Name="B599_0">LTO VOR.B599.TAF VOR</Line>
     <Line Name="A577_0">AGTOS.A577.MI NDB</Line>
     <Line Name="G593_0">FU VOR.G593.RG VOR</Line>
      <Line Name="R332_0">NN VOR.R332.VAVEE</Line>
     <Line Name="B581_0">NN VOR.B581.WOSLU</Line>
     <Line Name="B577_0">NN VOR.B577.QUIGG</Line>
     <Line Name="R453_0">NN VOR.R453.FA VOR</Line>
     <Line Name="A592_0">TBU VOR.A592.PUPIS</Line>
     <Line Name="H901_0">FA VOR.H901.TUT VOR</Line>
     <Line Name="H969_0">TUT VOR.H969.GOTSO</Line>
     <Line Name="A212_0">NU VOR.A212.PUPIS</Line>
     <Line Name="B454_0">TUT VOR.B454.COMIR</Line>
     <Line Name="B455_0">TV NDB.B455.OGELA</Line>
     <Line Name="B596_0">RG VOR.B596.DOVRR</Line>
     <Line Name="B595_0">TAF VOR.B595.TARDE</Line>
     <Line Name="A220_0">TAF VOR.A220.CRONN</Line>
     <Line Name="G575_0">TAF VOR.G575.CINTO</Line>
     <Line Name="UN789_0">TAF VOR.UN789.IRIMO</Line>
     <Line Name="UL348_0">TAF VOR.UL348.IPA VOR</Line>
     <Line Name="Q23_0">ONIDO.Q23.MURUA</Line> 
     <Line Name="Q19_0">BENKO.Q19.MURUA</Line> 
     <Line Name="J29_0">ASOKI.J29.MURUA</Line>
     <Line Name="Q24_0">ONIDO.Q24.HAO NDB</Line>
     <Line Name="Q20_0">BENKO.Q20.HAO NDB</Line>
     <Line Name="J30_0">HAO NDB.J30.ASOKI</Line>
     <Line Name="J28_0">TB NDB.J28.AROBA</Line>
     <Line Name="Q22_0">BEBIG.Q22.TB NDB</Line>
     <Line Name="Q18_0">PASTI.Q18.TB NDB</Line>
     <Line Name="J27_0">RT NDB.J27.AROBA</Line>
     <Line Name="Q21_0">BEBIG.Q21.RT NDB</Line>
     <Line Name="Q17_0">PASTI.Q17.RT NDB</Line>
     <Line Name="J21_0">VAITE.J21.MA NDB</Line>
     <Line Name="J22_0">MA NDB.J22.TEANO</Line>
     <Line Name="J23_0">BB NDB.J23.TEANO</Line>
     <Line Name="J26_0">RU NDB.J26.IDUTA</Line>
     <Line Name="J31_0">ORAMA.J31.IDUTA</Line>
     <Line Name="J32_0">ONURI.J32.IDUTA</Line>
     <Symbol Type="DotFillCircle">
       <Point>AI NDB</Point>
       <Point>BB NDB</Point>
       <Point>BO NDB</Point>
       <Point>GB NDB</Point>
       <Point>HAO NDB</Point>
       <Point>KT NDB</Point>
       <Point>MA NDB</Point>
       <Point>MI NDB</Point>
       <Point>RM NDB</Point>
       <Point>RT NDB</Point>
       <Point>RU NDB</Point>
       <Point>TB NDB</Point>
       <Point>TV NDB</Point>
      </Symbol>
      <Symbol Type="Hexagon">
       <Point>AA VOR</Point>
       <Point>CH VOR</Point>
       <Point>CI VOR</Point>
       <Point>FA VOR</Point>
       <Point>FU VOR</Point>
       <Point>GS VOR</Point>
       <Point>HHN VOR</Point>
       <Point>HN VOR</Point>
       <Point>HOI VOR</Point>
       <Point>IPA VOR</Point>
       <Point>LTO VOR</Point>
       <Point>NA VOR</Point>
       <Point>NF VOR</Point>
       <Point>NI VOR</Point>
       <Point>NN VOR</Point>
       <Point>NR VOR</Point>
       <Point>NU VOR</Point>
       <Point>QN VOR</Point>
       <Point>RAN VOR</Point>
       <Point>RG VOR</Point>
       <Point>SON VOR</Point>
       <Point>TAF VOR</Point>
       <Point>TBU VOR</Point>
       <Point>TUT VOR</Point>
       <Point>VLI VOR</Point>
       <Point>WN VOR</Point>
      </Symbol>
      <Symbol Type="HollowStar">
       <Point>BOYES</Point>
      </Symbol>
      <Symbol Type="HollowTriangle">
       <Point>ADNUG</Point>
       <Point>AGOXI</Point>
       <Point>AGSEK</Point>
       <Point>ALOHI</Point>
       <Point>ANITR</Point>
       <Point>AVBAP</Point>
       <Point>BIKSU</Point>
       <Point>BULRO</Point>
       <Point>CLAIB</Point>
       <Point>COMIR</Point>
       <Point>CRONN</Point>
       <Point>DRAWN</Point>
       <Point>EGITI</Point>
       <Point>GUREB</Point>
       <Point>GURVA</Point>
       <Point>IDVUM</Point>
       <Point>IGBED</Point>
       <Point>IPMOP</Point>
       <Point>JIPIG</Point>
       <Point>KAKSI</Point>
       <Point>LAVEK</Point>
       <Point>MAGPO</Point>
       <Point>NINOD</Point>
       <Point>NIPOG</Point>
       <Point>PAKMI</Point>
       <Point>SETTS</Point>
       <Point>TEMAT</Point>
       <Point>UNTET</Point>
      </Symbol>
      <Symbol Type="SolidStar">
       <Point>ADISN</Point>
       <Point>ADOWA</Point>
       <Point>APIDO</Point>
       <Point>APOTO</Point>
       <Point>ARVII</Point>
       <Point>ATABU</Point>
       <Point>ATSUN</Point>
       <Point>BARKR</Point>
       <Point>BAYUS</Point>
       <Point>BEBOB</Point>
       <Point>BESTY</Point>
       <Point>BOLAD</Point>
       <Point>CEBUR</Point>
       <Point>CHEEM</Point>
       <Point>CINTO</Point>
       <Point>CROBY</Point>
       <Point>DABAP</Point>
       <Point>DADLU</Point>
       <Point>DADOK</Point>
       <Point>DASNE</Point>
       <Point>DATBE</Point>
       <Point>DOPOM</Point>
       <Point>DULCE</Point>
       <Point>EBEBE</Point>
       <Point>EGKEL</Point>
       <Point>EKODA</Point>
       <Point>GAKTO</Point>
       <Point>GONAX</Point>
       <Point>GOTSO</Point>
       <Point>GUMKO</Point>
       <Point>HANPI</Point>
       <Point>HELGE</Point>
       <Point>IPLUG</Point>
       <Point>ISPAK</Point>
       <Point>KABKA</Point>
       <Point>KARKO</Point>
       <Point>KENNE</Point>
       <Point>LALAP</Point>
       <Point>LIBTI</Point>
       <Point>MADOK</Point>
       <Point>MIBAD</Point>
       <Point>MIDAT</Point>
       <Point>MOLGI</Point>
       <Point>MURUA</Point>
       <Point>NAMIE</Point>
       <Point>NIXEE</Point>
       <Point>NODAD</Point>
       <Point>NUPDO</Point>
       <Point>NUTTO</Point>
       <Point>OLREL</Point>
       <Point>POLOR</Point>
       <Point>RAGDE</Point>
       <Point>RAMIZ</Point>
       <Point>RAYOR</Point>
       <Point>RUDEE</Point>
       <Point>SADIT</Point>
       <Point>SAKOB</Point>
       <Point>SAMEP</Point>
       <Point>SASRO</Point>
       <Point>SELVU</Point>
       <Point>SUDOR</Point>
       <Point>SUNTA</Point>
       <Point>TAKIE</Point>
       <Point>TARDE</Point>
       <Point>TARPP</Point>
       <Point>TENOR</Point>
       <Point>VETEA</Point>
       <Point>VUGSU</Point>
      </Symbol>
      <Symbol Type="SolidTriangle">
       <Point>60VLI</Point>
       <Point>ABVAT</Point>
       <Point>ABVUB</Point>
       <Point>ADKAD</Point>
       <Point>ADKOS</Point>
       <Point>AGEDU</Point>
       <Point>AGEXO</Point>
       <Point>AGPOM</Point>
       <Point>AGREX</Point>
       <Point>AGTAG</Point>
       <Point>AGTEM</Point>
       <Point>AGTOS</Point>
       <Point>AGUTA</Point>
       <Point>AKLOM</Point>
       <Point>AKNAK</Point>
       <Point>AKUMO</Point>
       <Point>ALAPI</Point>
       <Point>ALBAB</Point>
       <Point>ANBAT</Point>
       <Point>ANRIK</Point>
       <Point>ANSIT</Point>
       <Point>AROBA</Point>
       <Point>AROXA</Point>
       <Point>ARTOP</Point>
       <Point>ASOKI</Point>
       <Point>ASORO</Point>
       <Point>ATIBA</Point>
       <Point>ATLUR</Point>
       <Point>ATOLL</Point>
       <Point>ATOPO</Point>
       <Point>ATPEN</Point>
       <Point>ATRAS</Point>
       <Point>ATURE</Point>
       <Point>AUTEL</Point>
       <Point>BAVAP</Point>
       <Point>BAXIL</Point>
       <Point>BEACH</Point>
       <Point>BEBIG</Point>
       <Point>BEDOK</Point>
       <Point>BEGIT</Point>
       <Point>BENKO</Point>
       <Point>BIBUP</Point>
       <Point>BIDAN</Point>
       <Point>BIGAN</Point>
       <Point>BIGEK</Point>
       <Point>BIGRA</Point>
       <Point>BISOX</Point>
       <Point>BISUN</Point>
       <Point>BIXIT</Point>
       <Point>BODEG</Point>
       <Point>BODER</Point>
       <Point>BODKI</Point>
       <Point>BOENZ</Point>
       <Point>BOILS</Point>
       <Point>BOMTI</Point>
       <Point>BONLO</Point>
       <Point>BUDRA</Point>
       <Point>BUGBA</Point>
       <Point>BUSTA</Point>
       <Point>BUTVI</Point>
       <Point>BUVAR</Point>
       <Point>BYRRD</Point>
       <Point>CARRP</Point>
       <Point>CUFFY</Point>
       <Point>DABAS</Point>
       <Point>DAGDA</Point>
       <Point>DAKAM</Point>
       <Point>DALDI</Point>
       <Point>DALOS</Point>
       <Point>DALUN</Point>
       <Point>DARMA</Point>
       <Point>DASSA</Point>
       <Point>DODUX</Point>
       <Point>DOGSA</Point>
       <Point>DOLSI</Point>
       <Point>DOMAX</Point>
       <Point>DOROS</Point>
       <Point>DOTIK</Point>
       <Point>DOVOM</Point>
       <Point>DOVRR</Point>
       <Point>DUBOP</Point>
       <Point>DUGAN</Point>
       <Point>DUGOM</Point>
       <Point>DUMUL</Point>
       <Point>DUMUM</Point>
       <Point>DUNEY</Point>
       <Point>EGATO</Point>
       <Point>EKAPA</Point>
       <Point>EKEDI</Point>
       <Point>EKETI</Point>
       <Point>EKUDO</Point>
       <Point>ELDOG</Point>
       <Point>ELGUN</Point>
       <Point>ELLMS</Point>
       <Point>ELNOS</Point>
       <Point>ELNUR</Point>
       <Point>ELSAX</Point>
       <Point>EMRAD</Point>
       <Point>EMSIX</Point>
       <Point>EMTAR</Point>
       <Point>ENDAL</Point>
       <Point>ENOUS</Point>
       <Point>ERVOS</Point>
       <Point>ESDOX</Point>
       <Point>EXORA</Point>
       <Point>FAROA</Point>
       <Point>FENSE</Point>
       <Point>FRITH</Point>
       <Point>GILUM</Point>
       <Point>GITON</Point>
       <Point>GIZO</Point>
       <Point>GOBIL</Point>
       <Point>GOBIN</Point>
       <Point>GODAB</Point>
       <Point>GODAP</Point>
       <Point>GOKAG</Point>
       <Point>GOKIT</Point>
       <Point>GOPLU</Point>
       <Point>GOPRA</Point>
       <Point>GOPSA</Point>
       <Point>GUBKA</Point>
       <Point>GUGET</Point>
       <Point>GUKIV</Point>
       <Point>GULUT</Point>
       <Point>GUMRA</Point>
       <Point>GURDI</Point>
       <Point>GUSMA</Point>
       <Point>GUSOS</Point>
       <Point>GUTEL</Point>
       <Point>GUTMA</Point>
       <Point>HOBAT</Point>
       <Point>IBAKA</Point>
       <Point>IBESO</Point>
       <Point>IBOBA</Point>
       <Point>IBUKO</Point>
       <Point>IDEMU</Point>
       <Point>IDNIP</Point>
       <Point>IDSEM</Point>
       <Point>IDUTA</Point>
       <Point>IGAPI</Point>
       <Point>IGETO</Point>
       <Point>IGLET</Point>
       <Point>IKENA</Point>
       <Point>INTIB</Point>
       <Point>INTID</Point>
       <Point>INVAS</Point>
       <Point>INVID</Point>
       <Point>IRIMO</Point>
       <Point>IRSUK</Point>
       <Point>ISDOT</Point>
       <Point>ISMOP</Point>
       <Point>ISPAL</Point>
       <Point>ISTAM</Point>
       <Point>ISTOS</Point>
       <Point>JEHOO</Point>
       <Point>KABAR</Point>
       <Point>KABIN</Point>
       <Point>KADEN</Point>
       <Point>KAGLI</Point>
       <Point>KAKOP</Point>
       <Point>KALAG</Point>
       <Point>KALEG</Point>
       <Point>KALPO</Point>
       <Point>KAMAP</Point>
       <Point>KAPNO</Point>
       <Point>KASKU</Point>
       <Point>KETOT</Point>
       <Point>KETUP</Point>
       <Point>KILAN</Point>
       <Point>KINAG</Point>
       <Point>KRILL</Point>
       <Point>LAKER</Point>
       <Point>LAMOK</Point>
       <Point>LANAT</Point>
       <Point>LAPUM</Point>
       <Point>LASEN</Point>
       <Point>LASSE</Point>
       <Point>LATOL</Point>
       <Point>LEBOL</Point>
       <Point>LEBUT</Point>
       <Point>LEDIM</Point>
       <Point>LEDIT</Point>
       <Point>LEGAN</Point>
       <Point>LEGOT</Point>
       <Point>LEKAX</Point>
       <Point>LEMUN</Point>
       <Point>LEPKA</Point>
       <Point>LIBLA</Point>
       <Point>LOTRA</Point>
       <Point>LUGLA</Point>
       <Point>LUNBI</Point>
       <Point>LUPLO</Point>
       <Point>LUTRA</Point>
       <Point>MADEP</Point>
       <Point>MAEVA</Point>
       <Point>MAGBA</Point>
       <Point>MAITO</Point>
       <Point>MALNI</Point>
       <Point>MANOT</Point>
       <Point>MARTI</Point>
       <Point>MASBU</Point>
       <Point>MEGOG</Point>
       <Point>MEPAB</Point>
       <Point>MEREV</Point>
       <Point>MESUS</Point>
       <Point>MEVEP</Point>
       <Point>MEXIP</Point>
       <Point>MIBOR</Point>
       <Point>MIGIS</Point>
       <Point>MIKAT</Point>
       <Point>MIKOP</Point>
       <Point>MIMAS</Point>
       <Point>MINET</Point>
       <Point>MOMBO</Point>
       <Point>MOMTA</Point>
       <Point>MORNA</Point>
       <Point>MOTKO</Point>
       <Point>MUBIT</Point>
       <Point>MUGEN</Point>
       <Point>MUKLU</Point>
       <Point>MUPOD</Point>
       <Point>MYLUS</Point>
       <Point>NANUE</Point>
       <Point>NIKES</Point>
       <Point>NILAX</Point>
       <Point>NIMOD</Point>
       <Point>NIPER</Point>
       <Point>NIPOK</Point>
       <Point>NISAS</Point>
       <Point>NISET</Point>
       <Point>NIXAM</Point>
       <Point>NOBEY</Point>
       <Point>NODOK</Point>
       <Point>NOKAK</Point>
       <Point>NONAT</Point>
       <Point>NONON</Point>
       <Point>NOPAN</Point>
       <Point>NUGLI</Point>
       <Point>NUMSA</Point>
       <Point>NUPTO</Point>
       <Point>ODUMA</Point>
       <Point>ODUTI</Point>
       <Point>OGELA</Point>
       <Point>OKTOM</Point>
       <Point>OKTUB</Point>
       <Point>OLBAD</Point>
       <Point>OLBEX</Point>
       <Point>OMBOL</Point>
       <Point>OMKIN</Point>
       <Point>ONETU</Point>
       <Point>ONIBA</Point>
       <Point>ONIDO</Point>
       <Point>ONURI</Point>
       <Point>OPERU</Point>
       <Point>ORAGI</Point>
       <Point>ORAMA</Point>
       <Point>ORARA</Point>
       <Point>ORARE</Point>
       <Point>OSUGA</Point>
       <Point>OTURI</Point>
       <Point>OVLAD</Point>
       <Point>OVTOS</Point>
       <Point>PABGO</Point>
       <Point>PACKO</Point>
       <Point>PAERE</Point>
       <Point>PAGBO</Point>
       <Point>PAGRA</Point>
       <Point>PAGTI</Point>
       <Point>PAKDA</Point>
       <Point>PALMI</Point>
       <Point>PAPAE</Point>
       <Point>PARZO</Point>
       <Point>PASSA</Point>
       <Point>PASTI</Point>
       <Point>PATIA</Point>
       <Point>PATUI</Point>
       <Point>PAVSI</Point>
       <Point>PEBLU</Point>
       <Point>PEBRO</Point>
       <Point>PEHRR</Point>
       <Point>PIKIN</Point>
       <Point>PILID</Point>
       <Point>PONAT</Point>
       <Point>PONOK</Point>
       <Point>POPAS</Point>
       <Point>POPIR</Point>
       <Point>POREN</Point>
       <Point>POXAK</Point>
       <Point>PUKET</Point>
       <Point>PULON</Point>
       <Point>PULOS</Point>
       <Point>PUMIS</Point>
       <Point>PUNIX</Point>
       <Point>PUPEX</Point>
       <Point>PUPIS</Point>
       <Point>QUIGG</Point>
       <Point>RAXER</Point>
       <Point>REDAM</Point>
       <Point>REGIT</Point>
       <Point>REPOL</Point>
       <Point>REVRO</Point>
       <Point>RIGMI</Point>
       <Point>RIPNA</Point>
       <Point>ROBKO</Point>
       <Point>RUGRO</Point>
       <Point>RUMIX</Point>
       <Point>RUMUS</Point>
       <Point>RUNOD</Point>
       <Point>RUTAK</Point>
       <Point>SABUB</Point>
       <Point>SADIM</Point>
       <Point>SAKLO</Point>
       <Point>SAKPI</Point>
       <Point>SALAG</Point>
       <Point>SALIT</Point>
       <Point>SAMAD</Point>
       <Point>SAMIB</Point>
       <Point>SAMVU</Point>
       <Point>SAPIR</Point>
       <Point>SAPIX</Point>
       <Point>SARAP</Point>
       <Point>SAREG</Point>
       <Point>SCUBA</Point>
       <Point>SELKA</Point>
       <Point>SNIPT</Point>
       <Point>SOSPI</Point>
       <Point>SOVRA</Point>
       <Point>SUGNI</Point>
       <Point>SULON</Point>
       <Point>TAERO</Point>
       <Point>TAMOR</Point>
       <Point>TAMUR</Point>
       <Point>TANEN</Point>
       <Point>TANIL</Point>
       <Point>TAPAP</Point>
       <Point>TARAO</Point>
       <Point>TARIB</Point>
       <Point>TARON</Point>
       <Point>TASAK</Point>
       <Point>TASAX</Point>
       <Point>TATAS</Point>
       <Point>TATIA</Point>
       <Point>TAVAK</Point>
       <Point>TAVER</Point>
       <Point>TAXIS</Point>
       <Point>TEANO</Point>
       <Point>TEBUR</Point>
       <Point>TEDAG</Point>
       <Point>TEKEP</Point>
       <Point>TEKOT</Point>
       <Point>TEPAM</Point>
       <Point>TEPEK</Point>
       <Point>TERAN</Point>
       <Point>TERUX</Point>
       <Point>TESAR</Point>
       <Point>TIAMA</Point>
       <Point>TIAMU</Point>
       <Point>TIERE</Point>
       <Point>TOLAB</Point>
       <Point>TOLUS</Point>
       <Point>TOMAR</Point>
       <Point>TOPOM</Point>
       <Point>TUNBA</Point>
       <Point>TUTMU</Point>
       <Point>TUTRI</Point>
       <Point>UBDAK</Point>
       <Point>UBLIN</Point>
       <Point>UBRAX</Point>
       <Point>UGABO</Point>
       <Point>UPDIX</Point>
       <Point>UPLAR</Point>
       <Point>UPNAR</Point>
       <Point>URKEP</Point>
       <Point>URROA</Point>
       <Point>UVUTI</Point>
       <Point>UXULU</Point>
       <Point>VAITE</Point>
       <Point>VAKRO</Point>
       <Point>VANDA</Point>
       <Point>VAVEE</Point>
       <Point>VELMO</Point>
       <Point>VEMET</Point>
       <Point>VENAN</Point>
       <Point>VEPAS</Point>
       <Point>VESUN</Point>
       <Point>VIBEX</Point>
       <Point>VIMEK</Point>
       <Point>VIPOB</Point>
       <Point>VIRAR</Point>
       <Point>VISIK</Point>
       <Point>WACOS</Point>
       <Point>WIBIG</Point>
       <Point>WOOBY</Point>
       <Point>WOSLU</Point>
      </Symbol>
    </Map>
      <Map Type="System" Name="ALL_ROUTES_LOW" Priority="1" Center="-25.0-175.0">
      <Line Name="L503_0">RUNOD.L503.KABKA</Line>
      <Line Name="G595_0">SARAP.G595.TAF VOR</Line>
      <Line Name="A464_0">RIGMI.A464.AA VOR</Line>
      <Line Name="A346_0">TEKEP.A346.AA VOR</Line>
      <Line Name="B450_0">TEKEP.B450.TUT VOR</Line>
      <Line Name="B451_0">DOLSI.B451GURDI</Line>
      <Line Name="G329_0">DOVOM.G329.NF VOR</Line>
      <Line Name="A579_0">UBLIN.A579.CARRP</Line>
      <Line Name="B333_0">RUMIX.B333.SALAG</Line>
      <Line Name="B601_0">VESUN.B601.ATPEN</Line>
      <Line Name="B580_0">VESUN.B580.BARKR</Line>
      <Line Name="B578_0">TEBUR.B578.TAF VOR</Line>
      <Line Name="B602_0">TEBUR.B602.ATPEN</Line>
      <Line Name="G591_0">MEPAB.G591.KT NDB</Line>
      <Line Name="R587_0">MEPAB.R587.VLI VOR</Line>
      <Line Name="B474_0">MEPAB.B474.BARKR</Line>
      <Line Name="B586_0">BODEG.B586.LTO VOR</Line>
      <Line Name="A597_0">KAKOP.A597.AA VOR</Line>
      <Line Name="L326_0">NF VOR.L326.MOTKO</Line>
      <Line Name="R582_0">NF VOR.R582.KRILL</Line>
      <Line Name="G224_0">NF VOR.G224.TAF VOR</Line>
      <Line Name="A598_0">RIPNA.A598.MARTI</Line>
      <Line Name="G342_0">NODOK.G342.HN VOR</Line>
      <Line Name="B598_0">NIPOK.B598.RG VOR</Line>
      <Line Name="R599_0">ENDAL.R599.DUGAN</Line>
      <Line Name="R450_0">DUGOM.R450.SON VOR</Line>
      <Line Name="B452_0">PONOK.B452.NN VOR</Line>
      <Line Name="B326_0">HN VOR.B326.NIXEE</Line>
      <Line Name="B589_0">TASAK.B589.ELNUR</Line>
      <Line Name="A578_0">FENSE.A578.AA VOR</Line>
      <Line Name="G223_0">MUBIT.G223.SAREG</Line>
      <Line Name="A584_0">TBU VOR.A584.NU VOR</Line>
      <Line Name="A580_0">AA VOR.A580.FA VOR</Line>
      <Line Name="G347_0">AA VOR.G347.DATBE</Line>
      <Line Name="B575_0">AA VOR.B575.TUT VOR</Line>
      <Line Name="G457_0">SELKA.G457.DATBE</Line>
      <Line Name="Q912_0">OKTUB.Q912.TATAS</Line>
      <Line Name="Q947_0">OKTUB.Q947.MEXIP</Line>
      <Line Name="Q983_0">OKTUB.Q983.IGETO</Line>
      <Line Name="B200_0">AKLOM.B200.BISOX</Line>
      <Line Name="G594_0">AA VOR.G594.TIAMU</Line>
      <Line Name="G599_0">AA VOR.G599.TAF VOR</Line>
      <Line Name="R327_0">GS VOR.R327.NU VOR</Line>
      <Line Name="Q697_0">GS VOR.Q697.CI VOR</Line>
      <Line Name="Q712_0">NR VOR.Q712.CI VOR</Line>
      <Line Name="Q611_0">WN VOR.Q611.CI VOR</Line>
      <Line Name="Q854_0">CH VOR.Q854.CI VOR</Line>
      <Line Name="A338_0">CH VOR.A338.NOBEY</Line>
      <Line Name="P640_0">HELGE.P640.BYRRD</Line>
      <Line Name="B590_0">LTO VOR.B590.NI VOR</Line>
      <Line Name="B599_0">LTO VOR.B599.TAF VOR</Line>
      <Line Name="A577_0">AGTOS.A577.MI NDB</Line>
      <Line Name="G593_0">FU VOR.G593.RG VOR</Line>
      <Line Name="R332_0">NN VOR.R332.VAVEE</Line>
      <Line Name="B581_0">NN VOR.B581.WOSLU</Line>
      <Line Name="B577_0">NN VOR.B577.QUIGG</Line>
      <Line Name="R453_0">NN VOR.R453.FA VOR</Line>
      <Line Name="A592_0">TBU VOR.A592.PUPIS</Line>
      <Line Name="H901_0">FA VOR.H901.TUT VOR</Line>
      <Line Name="H969_0">TUT VOR.H969.GOTSO</Line>
      <Line Name="A212_0">NU VOR.A212.PUPIS</Line>
      <Line Name="B454_0">TUT VOR.B454.COMIR</Line>
      <Line Name="B455_0">TV NDB.B455.OGELA</Line>
      <Line Name="B596_0">RG VOR.B596.DOVRR</Line>
      <Line Name="T1_0">TBU VOR.T1.NFTO</Line> <!-- LOW ONLY TONGAN DOMESTIC ROUTES-->
     <!-- <Line Name="T2_0">TV NDB.T2.NFTP</Line> -->
      <Line Name="T3_0">NFTP.T3.NFTO </Line>
      <Line Name="T4_0">TV NDB.T4.NFTO</Line>
      <Line Name="T5_0">TBU VOR.T5.NFTE</Line>
      <Line Name="T6_0">TBU VOR.T6.NFTP</Line>
      <Line Name="H1_0">TBU VOR.H1.NFTL</Line>
      <Line Name="V2_0">TBU VOR.V2.TV NDB</Line>
      <Line Name="V3_0">NFTL.V3.TV NDB</Line> <!-- END TONGAN DOMESTIC ROUTES -->
      <Line Name="B595_0">TAF VOR.B595.TARDE</Line>
      <Line Name="A220_0">TAF VOR.A220.CRONN</Line>
      <Line Name="G575_0">TAF VOR.G575.CINTO</Line>
      <Line Name="UN789_0">TAF VOR.UN789.IRIMO</Line>
      <Line Name="UL348_0">TAF VOR.UL348.IPA VOR</Line>
      <Line Name="Q23_0">ONIDO.Q23.MURUA</Line> 
      <Line Name="Q19_0">BENKO.Q19.MURUA</Line> 
      <Line Name="J29_0">ASOKI.J29.MURUA</Line>
      <Line Name="Q24_0">ONIDO.Q24.HAO NDB</Line>
      <Line Name="Q20_0">BENKO.Q20.HAO NDB</Line>
      <Line Name="J30_0">HAO NDB.J30.ASOKI</Line>
      <Line Name="J28_0">TB NDB.J28.AROBA</Line>
      <Line Name="Q22_0">BEBIG.Q22.TB NDB</Line>
      <Line Name="Q18_0">PASTI.Q18.TB NDB</Line>
      <Line Name="J27_0">RT NDB.J27.AROBA</Line>
      <Line Name="Q21_0">BEBIG.Q21.RT NDB</Line>
      <Line Name="Q17_0">PASTI.Q17.RT NDB</Line>
      <Line Name="J21_0">VAITE.J21.MA NDB</Line>
      <Line Name="J22_0">MA NDB.J22.TEANO</Line>
      <Line Name="J23_0">BB NDB.J23.TEANO</Line>
      <Line Name="J26_0">RU NDB.J26.IDUTA</Line>
      <Line Name="J31_0">ORAMA.J31.IDUTA</Line>
      <Line Name="J32_0">ONURI.J32.IDUTA</Line>
      <Line Name="T2_0">MA NDB.T2.IDUTA</Line> <!-- LOW TAHITI ROUTES -->
      <Line Name="R11_0">MEKES.R11.VAITE</Line>
      <Line Name="R12_0">UBKIM.R12.RULOM</Line>
      <Symbol Type="DotFillCircle">
       <Point>AI NDB</Point>
       <Point>BB NDB</Point>
       <Point>BO NDB</Point>
       <Point>GB NDB</Point>
       <Point>HAO NDB</Point>
       <Point>KT NDB</Point>
       <Point>MA NDB</Point>
       <Point>MI NDB</Point>
       <Point>RM NDB</Point>
       <Point>RT NDB</Point>
       <Point>RU NDB</Point>
       <Point>TB NDB</Point>
       <Point>TV NDB</Point>
      </Symbol>
      <Symbol Type="Hexagon">
       <Point>AA VOR</Point>
       <Point>CH VOR</Point>
       <Point>CI VOR</Point>
       <Point>FA VOR</Point>
       <Point>FU VOR</Point>
       <Point>GS VOR</Point>
       <Point>HHN VOR</Point>
       <Point>HN VOR</Point>
       <Point>HOI VOR</Point>
       <Point>IPA VOR</Point>
       <Point>LTO VOR</Point>
       <Point>NA VOR</Point>
       <Point>NF VOR</Point>
       <Point>NI VOR</Point>
       <Point>NN VOR</Point>
       <Point>NR VOR</Point>
       <Point>NU VOR</Point>
       <Point>QN VOR</Point>
       <Point>RAN VOR</Point>
       <Point>RG VOR</Point>
       <Point>SON VOR</Point>
       <Point>TAF VOR</Point>
       <Point>TBU VOR</Point>
       <Point>TUT VOR</Point>
       <Point>VLI VOR</Point>
       <Point>WN VOR</Point>
      </Symbol>
      <Symbol Type="HollowStar">
       <Point>BOYES</Point>
      </Symbol>
      <Symbol Type="HollowTriangle">
       <Point>ADNUG</Point>
       <Point>AGOXI</Point>
       <Point>AGSEK</Point>
       <Point>ALOHI</Point>
       <Point>ANITR</Point>
       <Point>AVBAP</Point>
       <Point>BIKSU</Point>
       <Point>BULRO</Point>
       <Point>CLAIB</Point>
       <Point>COMIR</Point>
       <Point>CRONN</Point>
       <Point>DRAWN</Point>
       <Point>EGITI</Point>
       <Point>GUREB</Point>
       <Point>GURVA</Point>
       <Point>IDVUM</Point>
       <Point>IGBED</Point>
       <Point>IPMOP</Point>
       <Point>JIPIG</Point>
       <Point>KAKSI</Point>
       <Point>LAVEK</Point>
       <Point>MAGPO</Point>
       <Point>NINOD</Point>
       <Point>NIPOG</Point>
       <Point>PAKMI</Point>
       <Point>SETTS</Point>
       <Point>TEMAT</Point>
       <Point>UNTET</Point>
      </Symbol>
      <Symbol Type="SolidStar">
       <Point>ADISN</Point>
       <Point>ADOWA</Point>
       <Point>APIDO</Point>
       <Point>APOTO</Point>
       <Point>ARVII</Point>
       <Point>ATABU</Point>
       <Point>ATSUN</Point>
       <Point>BAMBI</Point>
       <Point>BARKR</Point>
       <Point>BAYUS</Point>
       <Point>BEBOB</Point>
       <Point>BESTY</Point>
       <Point>BOLAD</Point>
       <Point>CEBUR</Point>
       <Point>CHEEM</Point>
       <Point>CINTO</Point>
       <Point>CROBY</Point>
       <Point>DABAP</Point>
       <Point>DADLU</Point>
       <Point>DADOK</Point>
       <Point>DASNE</Point>
       <Point>DATBE</Point>
       <Point>DOPOM</Point>
       <Point>DULCE</Point>
       <Point>EBEBE</Point>
       <Point>EGKEL</Point>
       <Point>GAKTO</Point>
       <Point>GONAX</Point>
       <Point>GOTSO</Point>
       <Point>GUMKO</Point>
       <Point>HANPI</Point>
       <Point>HELGE</Point>
       <Point>IPLUG</Point>
       <Point>ISPAK</Point>
       <Point>KABKA</Point>
       <Point>KARKO</Point>
       <Point>KENNE</Point>
       <Point>LALAP</Point>
       <Point>LIBTI</Point>
       <Point>MEKES</Point>
       <Point>MIBAD</Point>
       <Point>MOLGI</Point>
       <Point>MURUA</Point>
       <Point>NAMIE</Point>
       <Point>NIXEE</Point>
       <Point>NODAD</Point>
       <Point>NUPDO</Point>
       <Point>NUTTO</Point>
       <Point>POLOR</Point>
       <Point>RAGDE</Point>
       <Point>RAMIZ</Point>
       <Point>RAYOR</Point>
       <Point>RUDEE</Point>
       <Point>RULOM</Point>
       <Point>SADIT</Point>
       <Point>SAKOB</Point>
       <Point>SAMEP</Point>
       <Point>SELVU</Point>
       <Point>SUDOR</Point>
       <Point>SUNTA</Point>
       <Point>TAKIE</Point>
       <Point>TARDE</Point>
       <Point>TARPP</Point>
       <Point>TENOR</Point>
       <Point>UBKIM</Point>
       <Point>VETEA</Point>
       <Point>VUGSU</Point>
      </Symbol>
      <Symbol Type="SolidTriangle">
       <Point>60VLI</Point>
       <Point>ABVAT</Point>
       <Point>ABVUB</Point>
       <Point>ADKAD</Point>
       <Point>AGEDU</Point>
       <Point>AGEXO</Point>
       <Point>AGPOM</Point>
       <Point>AGREX</Point>
       <Point>AGTAG</Point>
       <Point>AGTEM</Point>
       <Point>AGTOS</Point>
       <Point>AGUTA</Point>
       <Point>AKLOM</Point>
       <Point>AKNAK</Point>
       <Point>AKUMO</Point>
       <Point>ALAPI</Point>
       <Point>ALBAB</Point>
       <Point>ANBAT</Point>
       <Point>ANRIK</Point>
       <Point>ANSIT</Point>
       <Point>AROBA</Point>
       <Point>AROXA</Point>
       <Point>ARTOP</Point>
       <Point>ASOKI</Point>
       <Point>ASORO</Point>
       <Point>ATIBA</Point>
       <Point>ATLUR</Point>
       <Point>ATOLL</Point>
       <Point>ATOPO</Point>
       <Point>ATPEN</Point>
       <Point>ATRAS</Point>
       <Point>ATURE</Point>
       <Point>AUTEL</Point>
       <Point>BAVAP</Point>
       <Point>BAXIL</Point>
       <Point>BEACH</Point>
       <Point>BEBIG</Point>
       <Point>BEDOK</Point>
       <Point>BEGIT</Point>
       <Point>BENKO</Point>
       <Point>BIBUP</Point>
       <Point>BIDAN</Point>
       <Point>BIGAN</Point>
       <Point>BIGEK</Point>
       <Point>BIGRA</Point>
       <Point>BISOX</Point>
       <Point>BISUN</Point>
       <Point>BIXIT</Point>
       <Point>BODEG</Point>
       <Point>BODER</Point>
       <Point>BODKI</Point>
       <Point>BOENZ</Point>
       <Point>BOILS</Point>
       <Point>BOMTI</Point>
       <Point>BONLO</Point>
       <Point>BUDRA</Point>
       <Point>BUSTA</Point>
       <Point>BUTVI</Point>
       <Point>BUVAR</Point>
       <Point>BYRRD</Point>
       <Point>CARRP</Point>
       <Point>CUFFY</Point>
       <Point>DABAS</Point>
       <Point>DAGDA</Point>
       <Point>DAKAM</Point>
       <Point>DALDI</Point>
       <Point>DALOS</Point>
       <Point>DALUN</Point>
       <Point>DARMA</Point>
       <Point>DASSA</Point>
       <Point>DODUX</Point>
       <Point>DOGSA</Point>
       <Point>DOLSI</Point>
       <Point>DOMAX</Point>
       <Point>DOROS</Point>
       <Point>DOTIK</Point>
       <Point>DOVOM</Point>
       <Point>DOVRR</Point>
       <Point>DUBOP</Point>
       <Point>DUGAN</Point>
       <Point>DUGOM</Point>
       <Point>DUMUL</Point>
       <Point>DUMUM</Point>
       <Point>DUNEY</Point>
       <Point>EGATO</Point>
       <Point>EKAPA</Point>
       <Point>EKEDI</Point>
       <Point>EKETI</Point>
       <Point>EKUDO</Point>
       <Point>ELDOG</Point>
       <Point>ELLMS</Point>
       <Point>ELNOS</Point>
       <Point>ELNUR</Point>
       <Point>ELSAX</Point>
       <Point>EMRAD</Point>
       <Point>EMSIX</Point>
       <Point>EMTAR</Point>
       <Point>ENDAL</Point>
       <Point>ENOUS</Point>
       <Point>ERVOS</Point>
       <Point>ESDOX</Point>
       <Point>EXORA</Point>
       <Point>FAROA</Point>
       <Point>FENSE</Point>
       <Point>FRITH</Point>
       <Point>GILUM</Point>
       <Point>GITON</Point>
       <Point>GIZO</Point>
       <Point>GOBIL</Point>
       <Point>GOBIN</Point>
       <Point>GODAB</Point>
       <Point>GODAP</Point>
       <Point>GOKAG</Point>
       <Point>GOKIT</Point>
       <Point>GOPRA</Point>
       <Point>GOPSA</Point>
       <Point>GUBKA</Point>
       <Point>GUGET</Point>
       <Point>GUKIV</Point>
       <Point>GUMRA</Point>
       <Point>GURDI</Point>
       <Point>GUSMA</Point>
       <Point>GUSOS</Point>
       <Point>GUTEL</Point>
       <Point>GUTMA</Point>
       <Point>HOBAT</Point>
       <Point>IBAKA</Point>
       <Point>IBESO</Point>
       <Point>IBOBA</Point>
       <Point>IBUKO</Point>
       <Point>IDEMU</Point>
       <Point>IDNIP</Point>
       <Point>IDSEM</Point>
       <Point>IDUTA</Point>
       <Point>IGAPI</Point>
       <Point>IGETO</Point>
       <Point>IGLET</Point>
       <Point>IKENA</Point>
       <Point>INTIB</Point>
       <Point>INTID</Point>
       <Point>INVAS</Point>
       <Point>INVID</Point>
       <Point>IRIMO</Point>
       <Point>IRSUK</Point>
       <Point>ISDOT</Point>
       <Point>ISMOP</Point>
       <Point>ISPAL</Point>
       <Point>ISTAM</Point>
       <Point>ISTOS</Point>
       <Point>JEHOO</Point>
       <Point>KABAR</Point>
       <Point>KADEN</Point>
       <Point>KAGLI</Point>
       <Point>KAKOP</Point>
       <Point>KALAG</Point>
       <Point>KALEG</Point>
       <Point>KALPO</Point>
       <Point>KAMAP</Point>
       <Point>KAPNO</Point>
       <Point>KASKU</Point>
       <Point>KETOT</Point>
       <Point>KETUP</Point>
       <Point>KILAN</Point>
       <Point>KINAG</Point>
       <Point>KRILL</Point>
       <Point>LAKER</Point>
       <Point>LAMOK</Point>
       <Point>LANAT</Point>
       <Point>LAPUM</Point>
       <Point>LASEN</Point>
       <Point>LASSE</Point>
       <Point>LATOL</Point>
       <Point>LEBOL</Point>
       <Point>LEBUT</Point>
       <Point>LEDIM</Point>
       <Point>LEDIT</Point>
       <Point>LEGOT</Point>
       <Point>LEKAX</Point>
       <Point>LEMUN</Point>
       <Point>LEPKA</Point>
       <Point>LOTRA</Point>
       <Point>LUGLA</Point>
       <Point>LUPLO</Point>
       <Point>LUTRA</Point>
       <Point>MAEVA</Point>
       <Point>MAGBA</Point>
       <Point>MAITO</Point>
       <Point>MALNI</Point>
       <Point>MANOT</Point>
       <Point>MARTI</Point>
       <Point>MASBU</Point>
       <Point>MEGOG</Point>
       <Point>MEPAB</Point>
       <Point>MEREV</Point>
       <Point>MESUS</Point>
       <Point>MEVEP</Point>
       <Point>MEXIP</Point>
       <Point>MIBOR</Point>
       <Point>MIGIS</Point>
       <Point>MIKAT</Point>
       <Point>MIKOP</Point>
       <Point>MIMAS</Point>
       <Point>MINET</Point>
       <Point>MOMBO</Point>
       <Point>MOMTA</Point>
       <Point>MORNA</Point>
       <Point>MOTKO</Point>
       <Point>MUBIT</Point>
       <Point>MUGEN</Point>
       <Point>MUKLU</Point>
       <Point>MUPOD</Point>
       <Point>MYLUS</Point>
       <Point>NANUE</Point>
       <Point>NIKES</Point>
       <Point>NILAX</Point>
       <Point>NIMOD</Point>
       <Point>NIPER</Point>
       <Point>NIPOK</Point>
       <Point>NISAS</Point>
       <Point>NISET</Point>
       <Point>NIXAM</Point>
       <Point>NOBEY</Point>
       <Point>NODOK</Point>
       <Point>NOKAK</Point>
       <Point>NONAT</Point>
       <Point>NONON</Point>
       <Point>NOPAN</Point>
       <Point>NUGLI</Point>
       <Point>NUPTO</Point>
       <Point>ODUMA</Point>
       <Point>ODUTI</Point>
       <Point>OGELA</Point>
       <Point>OKTOM</Point>
       <Point>OKTUB</Point>
       <Point>OLBAD</Point>
       <Point>OLBEX</Point>
       <Point>OMBOL</Point>
       <Point>ONETU</Point>
       <Point>ONIBA</Point>
       <Point>ONIDO</Point>
       <Point>ONURI</Point>
       <Point>OPERU</Point>
       <Point>ORAGI</Point>
       <Point>ORAMA</Point>
       <Point>ORARA</Point>
       <Point>ORARE</Point>
       <Point>OSUGA</Point>
       <Point>OTURI</Point>
       <Point>OVLAD</Point>
       <Point>OVTOS</Point>
       <Point>PABGO</Point>
       <Point>PACKO</Point>
       <Point>PAERE</Point>
       <Point>PAGBO</Point>
       <Point>PAGRA</Point>
       <Point>PAGTI</Point>
       <Point>PAKDA</Point>
       <Point>PALMI</Point>
       <Point>PAPAE</Point>
       <Point>PARZO</Point>
       <Point>PASSA</Point>
       <Point>PASTI</Point>
       <Point>PATIA</Point>
       <Point>PATUI</Point>
       <Point>PAVSI</Point>
       <Point>PEBRO</Point>
       <Point>PEHRR</Point>
       <Point>PIKIN</Point>
       <Point>PILID</Point>
       <Point>PONAT</Point>
       <Point>PONOK</Point>
       <Point>POPAS</Point>
       <Point>POPIR</Point>
       <Point>POREN</Point>
       <Point>POXAK</Point>
       <Point>PUKET</Point>
       <Point>PULON</Point>
       <Point>PULOS</Point>
       <Point>PUMIS</Point>
       <Point>PUNIX</Point>
       <Point>PUPEX</Point>
       <Point>PUPIS</Point>
       <Point>QUIGG</Point>
       <Point>RAXER</Point>
       <Point>REDAM</Point>
       <Point>REGIT</Point>
       <Point>REPOL</Point>
       <Point>REVRO</Point>
       <Point>RIGMI</Point>
       <Point>RIPNA</Point>
       <Point>ROBKO</Point>
       <Point>RUGRO</Point>
       <Point>RUMIX</Point>
       <Point>RUMUS</Point>
       <Point>RUNOD</Point>
       <Point>RUTAK</Point>
       <Point>SABUB</Point>
       <Point>SADIM</Point>
       <Point>SAKLO</Point>
       <Point>SAKPI</Point>
       <Point>SALAG</Point>
       <Point>SALAN</Point>
       <Point>SALIT</Point>
       <Point>SAMAD</Point>
       <Point>SAMIB</Point>
       <Point>SAMVU</Point>
       <Point>SAPIR</Point>
       <Point>SAPIX</Point>
       <Point>SARAP</Point>
       <Point>SAREG</Point>
       <Point>SARMI</Point>
       <Point>SCUBA</Point>
       <Point>SELKA</Point>
       <Point>SNIPT</Point>
       <Point>SOSPI</Point>
       <Point>SOVRA</Point>
       <Point>SUGNI</Point>
       <Point>SULON</Point>
       <Point>TAERO</Point>
       <Point>TAMOR</Point>
       <Point>TAMUR</Point>
       <Point>TANEN</Point>
       <Point>TANIL</Point>
       <Point>TAPAP</Point>
       <Point>TARAO</Point>
       <Point>TARIB</Point>
       <Point>TARON</Point>
       <Point>TASAK</Point>
       <Point>TASAX</Point>
       <Point>TATAS</Point>
       <Point>TATIA</Point>
       <Point>TAVAK</Point>
       <Point>TAVER</Point>
       <Point>TAXIS</Point>
       <Point>TEANO</Point>
       <Point>TEBUR</Point>
       <Point>TEDAG</Point>
       <Point>TEKEP</Point>
       <Point>TEKOT</Point>
       <Point>TEPAM</Point>
       <Point>TEPEK</Point>
       <Point>TERAN</Point>
       <Point>TERUX</Point>
       <Point>TESAR</Point>
       <Point>TIAMA</Point>
       <Point>TIAMU</Point>
       <Point>TIERE</Point>
       <Point>TOLAB</Point>
       <Point>TOLUS</Point>
       <Point>TOPOM</Point>
       <Point>TUNBA</Point>
       <Point>TUTMU</Point>
       <Point>TUTRI</Point>
       <Point>UBDAK</Point>
       <Point>UBLIN</Point>
       <Point>UBRAX</Point>
       <Point>UGABO</Point>
       <Point>UPDIX</Point>
       <Point>UPLAR</Point>
       <Point>UPNAR</Point>
       <Point>URKEP</Point>
       <Point>URROA</Point>
       <Point>UVUTI</Point>
       <Point>UXULU</Point>
       <Point>VAITE</Point>
       <Point>VAKRO</Point>
       <Point>VAVEE</Point>
       <Point>VEMET</Point>
       <Point>VENAN</Point>
       <Point>VEPAS</Point>
       <Point>VESUN</Point>
       <Point>VIBEX</Point>
       <Point>VIMEK</Point>
       <Point>VIPOB</Point>
       <Point>VIRAR</Point>
       <Point>VISIK</Point>
       <Point>WACOS</Point>
       <Point>WIBIG</Point>
       <Point>WOOBY</Point>
       <Point>WOSLU</Point>
      </Symbol>
      <Symbol Type="Reticle">
       <Point>NFTE</Point>
       <Point>NFTL</Point>
       <Point>NFTO</Point>
       <Point>NFTP</Point>
      </Symbol>
    </Map>
    <Map Type="System" Name="ALL_POINTS_HIGH" Priority="1" Center="-25.0-175.0">
      <Label>
       <Point>AI NDB</Point>
       <Point>BB NDB</Point>
       <Point>BO NDB</Point>
       <Point>GB NDB</Point>
       <Point>HAO NDB</Point>
       <Point>KT NDB</Point>
       <Point>MA NDB</Point>
       <Point>MI NDB</Point>
       <Point>RM NDB</Point>
       <Point>RT NDB</Point>
       <Point>RU NDB</Point>
       <Point>TB NDB</Point>
       <Point>TV NDB</Point>
       <Point>AA VOR</Point>
       <Point>CH VOR</Point>
       <Point>CI VOR</Point>
       <Point>FA VOR</Point>
       <Point>FU VOR</Point>
       <Point>GS VOR</Point>
       <Point>HHN VOR</Point>
       <Point>HN VOR</Point>
       <Point>HOI VOR</Point>
       <Point>IPA VOR</Point>
       <Point>LTO VOR</Point>
       <Point>NA VOR</Point>
       <Point>NF VOR</Point>
       <Point>NI VOR</Point>
       <Point>NN VOR</Point>
       <Point>NR VOR</Point>
       <Point>NU VOR</Point>
       <Point>QN VOR</Point>
       <Point>RAN VOR</Point>
       <Point>RG VOR</Point>
       <Point>SON VOR</Point>
       <Point>TAF VOR</Point>
       <Point>TBU VOR</Point>
       <Point>TUT VOR</Point>
       <Point>VLI VOR</Point>
       <Point>WN VOR</Point>
       <Point>AGIRA</Point>
       <Point>AJINK</Point>
       <Point>AKLEN</Point>
       <Point>ATANU</Point>
       <Point>BATOP</Point>
       <Point>BAVEK</Point>
       <Point>BELBO</Point>
       <Point>BOBIX</Point>
       <Point>BOYES</Point>
       <Point>BUNTU</Point>
       <Point>DOFIN</Point>
       <Point>DOSUS</Point>
       <Point>EKADU</Point>
       <Point>FAVGU</Point>
       <Point>GUMBI</Point>
       <Point>HEMVI</Point>
       <Point>IDBAD</Point>
       <Point>JONIV</Point>
       <Point>KADER</Point>
       <Point>KARNO</Point>
       <Point>KETOX</Point>
       <Point>KIMEP</Point>
       <Point>LEBEN</Point>
       <Point>LIMSA</Point>
       <Point>MARBA</Point>
       <Point>MATSO</Point>
       <Point>METIA</Point>
       <Point>METIA</Point>
       <Point>MOSMA</Point>
       <Point>MRRTY</Point>
       <Point>OBDEG</Point>
       <Point>OSEKA</Point>
       <Point>P1</Point>
       <Point>P3</Point>
       <Point>P4</Point>
       <Point>P6</Point>
       <Point>P9</Point>
       <Point>P10</Point>
       <Point>POLOD</Point>
       <Point>PUGAB</Point>
       <Point>RELAK</Point>
       <Point>RIKSA</Point>
       <Point>ROBNA</Point>
       <Point>RULOE</Point>
       <Point>RUPAL</Point>
       <Point>RUTIX</Point>
       <Point>SALUT</Point>
       <Point>SAPAS</Point>
       <Point>SARBE</Point>
       <Point>SUKEL</Point>
       <Point>SUPRA</Point>
       <Point>SUPRA</Point>
       <Point>TAMEV</Point>
       <Point>TORAL</Point>
       <Point>TOTOW</Point>
       <Point>UBTAM</Point>
       <Point>UDINI</Point>
       <Point>UDOLO</Point>
       <Point>UVUPO</Point>
       <Point>UXINO</Point>
       <Point>VIRUS</Point>
       <Point>WABAB</Point>
       <Point>WAIS1</Point>
       <Point>WIKAL</Point>
       <Point>WILYE</Point>
       <Point>WUGUS</Point>
       <Point>ACREZ</Point>
       <Point>ADNUG</Point>
       <Point>AGOXI</Point>
       <Point>AGSEK</Point>
       <Point>ALOHI</Point>
       <Point>ANITR</Point>
       <Point>ARITI</Point>
       <Point>ATALA</Point>
       <Point>AVBAP</Point>
       <Point>BIBUS</Point>
       <Point>BIKSU</Point>
       <Point>BORTI</Point>
       <Point>BULRO</Point>
       <Point>CLAIB</Point>
       <Point>COMIR</Point>
       <Point>CRONN</Point>
       <Point>DRAWN</Point>
       <Point>EGITI</Point>
       <Point>GUREB</Point>
       <Point>GURVA</Point>
       <Point>IDVUM</Point>
       <Point>IGBED</Point>
       <Point>IPMOP</Point>
       <Point>JELOT</Point>
       <Point>JIPIG</Point>
       <Point>KAKSI</Point>
       <Point>LAVEK</Point>
       <Point>MAGPO</Point>
       <Point>MALBO</Point>
       <Point>MANEV</Point>
       <Point>MOANA</Point>
       <Point>NINOD</Point>
       <Point>NIPOG</Point>
       <Point>OSPOD</Point>
       <Point>PAKMI</Point>
       <Point>REVRI</Point>
       <Point>SETTS</Point>
       <Point>SIRUS</Point>
       <Point>SORDD</Point>
       <Point>TAVIS</Point>
       <Point>TEMAT</Point>
       <Point>UDUMA</Point>
       <Point>UGANI</Point>
       <Point>UNTET</Point>
       <Point>ZELBA</Point>
       <Point>ADISN</Point>
       <Point>ADOWA</Point>
       <Point>APIDO</Point>
       <Point>APOTO</Point>
       <Point>ARVII</Point>
       <Point>ATABU</Point>
       <Point>ATSUN</Point>
       <Point>BARKR</Point>
       <Point>BAYUS</Point>
       <Point>BEBOB</Point>
       <Point>BESTY</Point>
       <Point>BOLAD</Point>
       <Point>CEBUR</Point>
       <Point>CHEEM</Point>
       <Point>CINTO</Point>
       <Point>CROBY</Point>
       <Point>DABAP</Point>
       <Point>DADLU</Point>
       <Point>DADOK</Point>
       <Point>DASNE</Point>
       <Point>DATBE</Point>
       <Point>DOPOM</Point>
       <Point>DULCE</Point>
       <Point>EBEBE</Point>
       <Point>EGKEL</Point>
       <Point>EKODA</Point>
       <Point>GAKTO</Point>
       <Point>GONAX</Point>
       <Point>GOTSO</Point>
       <Point>GUMKO</Point>
       <Point>HANPI</Point>
       <Point>HELGE</Point>
       <Point>IPLUG</Point>
       <Point>ISPAK</Point>
       <Point>KABKA</Point>
       <Point>KARKO</Point>
       <Point>KENNE</Point>
       <Point>LALAP</Point>
       <Point>LIBTI</Point>
       <Point>MADOK</Point>
       <Point>MIBAD</Point>
       <Point>MIDAT</Point>
       <Point>MOLGI</Point>
       <Point>MURUA</Point>
       <Point>NAMIE</Point>
       <Point>NIXEE</Point>
       <Point>NODAD</Point>
       <Point>NUPDO</Point>
       <Point>NUTTO</Point>
       <Point>OLREL</Point>
       <Point>POLOR</Point>
       <Point>RAGDE</Point>
       <Point>RAMIZ</Point>
       <Point>RAYOR</Point>
       <Point>RUDEE</Point>
       <Point>SADIT</Point>
       <Point>SAKOB</Point>
       <Point>SAMEP</Point>
       <Point>SASRO</Point>
       <Point>SELVU</Point>
       <Point>SUDOR</Point>
       <Point>SUNTA</Point>
       <Point>TAKIE</Point>
       <Point>TARDE</Point>
       <Point>TARPP</Point>
       <Point>TENOR</Point>
       <Point>VETEA</Point>
       <Point>VUGSU</Point>
       <Point>60VLI</Point>
       <Point>ABVAT</Point>
       <Point>ABVUB</Point>
       <Point>ADKAD</Point>
       <Point>ADKOS</Point>
       <Point>AGEDU</Point>
       <Point>AGEXO</Point>
       <Point>AGPOM</Point>
       <Point>AGREX</Point>
       <Point>AGTAG</Point>
       <Point>AGTEM</Point>
       <Point>AGTOS</Point>
       <Point>AGUTA</Point>
       <Point>AKLOM</Point>
       <Point>AKNAK</Point>
       <Point>AKUMO</Point>
       <Point>ALAPI</Point>
       <Point>ALBAB</Point>
       <Point>ANBAT</Point>
       <Point>ANRIK</Point>
       <Point>ANSIT</Point>
       <Point>AROBA</Point>
       <Point>AROXA</Point>
       <Point>ARTOP</Point>
       <Point>ASOKI</Point>
       <Point>ASORO</Point>
       <Point>ATIBA</Point>
       <Point>ATLUR</Point>
       <Point>ATOLL</Point>
       <Point>ATOPO</Point>
       <Point>ATPEN</Point>
       <Point>ATRAS</Point>
       <Point>ATURE</Point>
       <Point>AUTEL</Point>
       <Point>BAVAP</Point>
       <Point>BAXIL</Point>
       <Point>BEACH</Point>
       <Point>BEBIG</Point>
       <Point>BEDOK</Point>
       <Point>BEGIT</Point>
       <Point>BENKO</Point>
       <Point>BIBUP</Point>
       <Point>BIDAN</Point>
       <Point>BIGAN</Point>
       <Point>BIGEK</Point>
       <Point>BIGRA</Point>
       <Point>BISOX</Point>
       <Point>BISUN</Point>
       <Point>BIXIT</Point>
       <Point>BODEG</Point>
       <Point>BODER</Point>
       <Point>BODKI</Point>
       <Point>BOENZ</Point>
       <Point>BOILS</Point>
       <Point>BOMTI</Point>
       <Point>BONLO</Point>
       <Point>BUDRA</Point>
       <Point>BUGBA</Point>
       <Point>BUSTA</Point>
       <Point>BUTVI</Point>
       <Point>BUVAR</Point>
       <Point>BYRRD</Point>
       <Point>CARRP</Point>
       <Point>CUFFY</Point>
       <Point>DABAS</Point>
       <Point>DAGDA</Point>
       <Point>DAKAM</Point>
       <Point>DALDI</Point>
       <Point>DALOS</Point>
       <Point>DALUN</Point>
       <Point>DARMA</Point>
       <Point>DASSA</Point>
       <Point>DODUX</Point>
       <Point>DOGSA</Point>
       <Point>DOLSI</Point>
       <Point>DOMAX</Point>
       <Point>DOROS</Point>
       <Point>DOTIK</Point>
       <Point>DOVOM</Point>
       <Point>DOVRR</Point>
       <Point>DUBOP</Point>
       <Point>DUGAN</Point>
       <Point>DUGOM</Point>
       <Point>DUMUL</Point>
       <Point>DUMUM</Point>
       <Point>DUNEY</Point>
       <Point>EGATO</Point>
       <Point>EKAPA</Point>
       <Point>EKEDI</Point>
       <Point>EKETI</Point>
       <Point>EKUDO</Point>
       <Point>ELDOG</Point>
       <Point>ELGUN</Point>
       <Point>ELLMS</Point>
       <Point>ELNOS</Point>
       <Point>ELNUR</Point>
       <Point>ELSAX</Point>
       <Point>EMRAD</Point>
       <Point>EMSIX</Point>
       <Point>EMTAR</Point>
       <Point>ENDAL</Point>
       <Point>ENOUS</Point>
       <Point>ERVOS</Point>
       <Point>ESDOX</Point>
       <Point>EXORA</Point>
       <Point>FAROA</Point>
       <Point>FENSE</Point>
       <Point>FRITH</Point>
       <Point>GILUM</Point>
       <Point>GITON</Point>
       <Point>GIZO</Point>
       <Point>GOBIL</Point>
       <Point>GOBIN</Point>
       <Point>GODAB</Point>
       <Point>GODAP</Point>
       <Point>GOKAG</Point>
       <Point>GOKIT</Point>
       <Point>GOPLU</Point>
       <Point>GOPRA</Point>
       <Point>GOPSA</Point>
       <Point>GUBKA</Point>
       <Point>GUGET</Point>
       <Point>GUKIV</Point>
       <Point>GULUT</Point>
       <Point>GUMRA</Point>
       <Point>GURDI</Point>
       <Point>GUSMA</Point>
       <Point>GUSOS</Point>
       <Point>GUTEL</Point>
       <Point>GUTMA</Point>
       <Point>HOBAT</Point>
       <Point>IBAKA</Point>
       <Point>IBESO</Point>
       <Point>IBOBA</Point>
       <Point>IBUKO</Point>
       <Point>IDEMU</Point>
       <Point>IDNIP</Point>
       <Point>IDSEM</Point>
       <Point>IDUTA</Point>
       <Point>IGAPI</Point>
       <Point>IGETO</Point>
       <Point>IGLET</Point>
       <Point>IKENA</Point>
       <Point>INTIB</Point>
       <Point>INTID</Point>
       <Point>INVAS</Point>
       <Point>INVID</Point>
       <Point>IRIMO</Point>
       <Point>IRSUK</Point>
       <Point>ISDOT</Point>
       <Point>ISMOP</Point>
       <Point>ISPAL</Point>
       <Point>ISTAM</Point>
       <Point>ISTOS</Point>
       <Point>JEHOO</Point>
       <Point>KABAR</Point>
       <Point>KABIN</Point>
       <Point>KADEN</Point>
       <Point>KAGLI</Point>
       <Point>KAKOP</Point>
       <Point>KALAG</Point>
       <Point>KALEG</Point>
       <Point>KALPO</Point>
       <Point>KAMAP</Point>
       <Point>KAPNO</Point>
       <Point>KASKU</Point>
       <Point>KETOT</Point>
       <Point>KETUP</Point>
       <Point>KILAN</Point>
       <Point>KINAG</Point>
       <Point>KRILL</Point>
       <Point>LAKER</Point>
       <Point>LAMOK</Point>
       <Point>LANAT</Point>
       <Point>LAPUM</Point>
       <Point>LASEN</Point>
       <Point>LASSE</Point>
       <Point>LATOL</Point>
       <Point>LEBOL</Point>
       <Point>LEBUT</Point>
       <Point>LEDIM</Point>
       <Point>LEDIT</Point>
       <Point>LEGAN</Point>
       <Point>LEGOT</Point>
       <Point>LEKAX</Point>
       <Point>LEMUN</Point>
       <Point>LEPKA</Point>
       <Point>LIBLA</Point>
       <Point>LOTRA</Point>
       <Point>LUGLA</Point>
       <Point>LUNBI</Point>
       <Point>LUPLO</Point>
       <Point>LUTRA</Point>
       <Point>MADEP</Point>
       <Point>MAEVA</Point>
       <Point>MAGBA</Point>
       <Point>MAITO</Point>
       <Point>MALNI</Point>
       <Point>MANOT</Point>
       <Point>MARTI</Point>
       <Point>MASBU</Point>
       <Point>MEGOG</Point>
       <Point>MEPAB</Point>
       <Point>MEREV</Point>
       <Point>MESUS</Point>
       <Point>MEVEP</Point>
       <Point>MEXIP</Point>
       <Point>MIBOR</Point>
       <Point>MIGIS</Point>
       <Point>MIKAT</Point>
       <Point>MIKOP</Point>
       <Point>MIMAS</Point>
       <Point>MINET</Point>
       <Point>MOMBO</Point>
       <Point>MOMTA</Point>
       <Point>MORNA</Point>
       <Point>MOTKO</Point>
       <Point>MUBIT</Point>
       <Point>MUGEN</Point>
       <Point>MUKLU</Point>
       <Point>MUPOD</Point>
       <Point>MYLUS</Point>
       <Point>NANUE</Point>
       <Point>NIKES</Point>
       <Point>NILAX</Point>
       <Point>NIMOD</Point>
       <Point>NIPER</Point>
       <Point>NIPOK</Point>
       <Point>NISAS</Point>
       <Point>NISET</Point>
       <Point>NIXAM</Point>
       <Point>NOBEY</Point>
       <Point>NODOK</Point>
       <Point>NOKAK</Point>
       <Point>NONAT</Point>
       <Point>NONON</Point>
       <Point>NOPAN</Point>
       <Point>NUGLI</Point>
       <Point>NUMSA</Point>
       <Point>NUPTO</Point>
       <Point>ODUMA</Point>
       <Point>ODUTI</Point>
       <Point>OGELA</Point>
       <Point>OKTOM</Point>
       <Point>OKTUB</Point>
       <Point>OLBAD</Point>
       <Point>OLBEX</Point>
       <Point>OMBOL</Point>
       <Point>OMKIN</Point>
       <Point>ONETU</Point>
       <Point>ONIBA</Point>
       <Point>ONIDO</Point>
       <Point>ONURI</Point>
       <Point>OPERU</Point>
       <Point>ORAGI</Point>
       <Point>ORAMA</Point>
       <Point>ORARA</Point>
       <Point>ORARE</Point>
       <Point>OSUGA</Point>
       <Point>OTURI</Point>
       <Point>OVLAD</Point>
       <Point>OVTOS</Point>
       <Point>PABGO</Point>
       <Point>PACKO</Point>
       <Point>PAERE</Point>
       <Point>PAGBO</Point>
       <Point>PAGRA</Point>
       <Point>PAGTI</Point>
       <Point>PAKDA</Point>
       <Point>PALMI</Point>
       <Point>PAPAE</Point>
       <Point>PARZO</Point>
       <Point>PASSA</Point>
       <Point>PASTI</Point>
       <Point>PATIA</Point>
       <Point>PATUI</Point>
       <Point>PAVSI</Point>
       <Point>PEBLU</Point>
       <Point>PEBRO</Point>
       <Point>PEHRR</Point>
       <Point>PIKIN</Point>
       <Point>PILID</Point>
       <Point>PONAT</Point>
       <Point>PONOK</Point>
       <Point>POPAS</Point>
       <Point>POPIR</Point>
       <Point>POREN</Point>
       <Point>POXAK</Point>
       <Point>PUKET</Point>
       <Point>PULON</Point>
       <Point>PULOS</Point>
       <Point>PUMIS</Point>
       <Point>PUNIX</Point>
       <Point>PUPEX</Point>
       <Point>PUPIS</Point>
       <Point>QUIGG</Point>
       <Point>RAXER</Point>
       <Point>REDAM</Point>
       <Point>REGIT</Point>
       <Point>REPOL</Point>
       <Point>REVRO</Point>
       <Point>RIGMI</Point>
       <Point>RIPNA</Point>
       <Point>ROBKO</Point>
       <Point>RUGRO</Point>
       <Point>RUMIX</Point>
       <Point>RUMUS</Point>
       <Point>RUNOD</Point>
       <Point>RUTAK</Point>
       <Point>SABUB</Point>
       <Point>SADIM</Point>
       <Point>SAKLO</Point>
       <Point>SAKPI</Point>
       <Point>SALAG</Point>
       <Point>SALIT</Point>
       <Point>SAMAD</Point>
       <Point>SAMIB</Point>
       <Point>SAMVU</Point>
       <Point>SAPIR</Point>
       <Point>SAPIX</Point>
       <Point>SARAP</Point>
       <Point>SAREG</Point>
       <Point>SCUBA</Point>
       <Point>SELKA</Point>
       <Point>SNIPT</Point>
       <Point>SOSPI</Point>
       <Point>SOVRA</Point>
       <Point>SUGNI</Point>
       <Point>SULON</Point>
       <Point>TAERO</Point>
       <Point>TAMOR</Point>
       <Point>TAMUR</Point>
       <Point>TANEN</Point>
       <Point>TANIL</Point>
       <Point>TAPAP</Point>
       <Point>TARAO</Point>
       <Point>TARIB</Point>
       <Point>TARON</Point>
       <Point>TASAK</Point>
       <Point>TASAX</Point>
       <Point>TATAS</Point>
       <Point>TATIA</Point>
       <Point>TAVAK</Point>
       <Point>TAVER</Point>
       <Point>TAXIS</Point>
       <Point>TEANO</Point>
       <Point>TEBUR</Point>
       <Point>TEDAG</Point>
       <Point>TEKEP</Point>
       <Point>TEKOT</Point>
       <Point>TEPAM</Point>
       <Point>TEPEK</Point>
       <Point>TERAN</Point>
       <Point>TERUX</Point>
       <Point>TESAR</Point>
       <Point>TIAMA</Point>
       <Point>TIAMU</Point>
       <Point>TIERE</Point>
       <Point>TOLAB</Point>
       <Point>TOLUS</Point>
       <Point>TOMAR</Point>
       <Point>TOPOM</Point>
       <Point>TUNBA</Point>
       <Point>TUTMU</Point>
       <Point>TUTRI</Point>
       <Point>UBDAK</Point>
       <Point>UBLIN</Point>
       <Point>UBRAX</Point>
       <Point>UGABO</Point>
       <Point>UPDIX</Point>
       <Point>UPLAR</Point>
       <Point>UPNAR</Point>
       <Point>URKEP</Point>
       <Point>URROA</Point>
       <Point>UVUTI</Point>
       <Point>UXULU</Point>
       <Point>VAITE</Point>
       <Point>VAKRO</Point>
       <Point>VANDA</Point>
       <Point>VAVEE</Point>
       <Point>VELMO</Point>
       <Point>VEMET</Point>
       <Point>VENAN</Point>
       <Point>VEPAS</Point>
       <Point>VESUN</Point>
       <Point>VIBEX</Point>
       <Point>VIMEK</Point>
       <Point>VIPOB</Point>
       <Point>VIRAR</Point>
       <Point>VISIK</Point>
       <Point>WACOS</Point>
       <Point>WIBIG</Point>
       <Point>WOOBY</Point>
       <Point>WOSLU</Point>
     </Label>
    </Map>
    <Map Type="System" Name="ALL_POINTS_LOW" Priority="1" Center="-25.0-175.0">
      <Label>
       <Point>AI NDB</Point>
       <Point>BB NDB</Point>
       <Point>BO NDB</Point>
       <Point>GB NDB</Point>
       <Point>HAO NDB</Point>
       <Point>KT NDB</Point>
       <Point>MA NDB</Point>
       <Point>MI NDB</Point>
       <Point>RM NDB</Point>
       <Point>RT NDB</Point>
       <Point>RU NDB</Point>
       <Point>TB NDB</Point>
       <Point>TV NDB</Point>
       <Point>AA VOR</Point>
       <Point>CH VOR</Point>
       <Point>CI VOR</Point>
       <Point>FA VOR</Point>
       <Point>FU VOR</Point>
       <Point>GS VOR</Point>
       <Point>HHN VOR</Point>
       <Point>HN VOR</Point>
       <Point>HOI VOR</Point>
       <Point>IPA VOR</Point>
       <Point>LTO VOR</Point>
       <Point>NA VOR</Point>
       <Point>NF VOR</Point>
       <Point>NI VOR</Point>
       <Point>NN VOR</Point>
       <Point>NR VOR</Point>
       <Point>NU VOR</Point>
       <Point>QN VOR</Point>
       <Point>RAN VOR</Point>
       <Point>RG VOR</Point>
       <Point>SON VOR</Point>
       <Point>TAF VOR</Point>
       <Point>TBU VOR</Point>
       <Point>TUT VOR</Point>
       <Point>VLI VOR</Point>
       <Point>WN VOR</Point>
       <Point>AGIRA</Point>
       <Point>AJINK</Point>
       <Point>AKLEN</Point>
       <Point>ATANU</Point>
       <Point>BATOP</Point>
       <Point>BAVEK</Point>
       <Point>BELBO</Point>
       <Point>BOBIX</Point>
       <Point>BOYES</Point>
       <Point>BUNTU</Point>
       <Point>DOFIN</Point>
       <Point>DOSUS</Point>
       <Point>EKADU</Point>
       <Point>FAVGU</Point>
       <Point>GUMBI</Point>
       <Point>HEMVI</Point>
       <Point>IDBAD</Point>
       <Point>JONIV</Point>
       <Point>KADER</Point>
       <Point>KARNO</Point>
       <Point>KETOX</Point>
       <Point>KIMEP</Point>
       <Point>LEBEN</Point>
       <Point>LIMSA</Point>
       <Point>MARBA</Point>
       <Point>MATSO</Point>
       <Point>METIA</Point>
       <Point>METIA</Point>
       <Point>MOSMA</Point>
       <Point>MRRTY</Point>
       <Point>OBDEG</Point>
       <Point>OSEKA</Point>
       <Point>P1</Point>
       <Point>P3</Point>
       <Point>P4</Point>
       <Point>P6</Point>
       <Point>P9</Point>
       <Point>P10</Point>
       <Point>POLOD</Point>
       <Point>PUGAB</Point>
       <Point>RELAK</Point>
       <Point>RIKSA</Point>
       <Point>ROBNA</Point>
       <Point>RULOE</Point>
       <Point>RUPAL</Point>
       <Point>RUTIX</Point>
       <Point>SALUT</Point>
       <Point>SAPAS</Point>
       <Point>SARBE</Point>
       <Point>SUKEL</Point>
       <Point>SUPRA</Point>
       <Point>SUPRA</Point>
       <Point>TAMEV</Point>
       <Point>TORAL</Point>
       <Point>TOTOW</Point>
       <Point>UBTAM</Point>
       <Point>UDINI</Point>
       <Point>UDOLO</Point>
       <Point>UVUPO</Point>
       <Point>UXINO</Point>
       <Point>VIRUS</Point>
       <Point>WABAB</Point>
       <Point>WAIS1</Point>
       <Point>WIKAL</Point>
       <Point>WILYE</Point>
       <Point>WUGUS</Point>
       <Point>ACREZ</Point>
       <Point>ADNUG</Point>
       <Point>AGOXI</Point>
       <Point>AGSEK</Point>
       <Point>ALOHI</Point>
       <Point>ANITR</Point>
       <Point>ARITI</Point>
       <Point>ATALA</Point>
       <Point>AVBAP</Point>
       <Point>BIBUS</Point>
       <Point>BIKSU</Point>
       <Point>BORTI</Point>
       <Point>BULRO</Point>
       <Point>CLAIB</Point>
       <Point>COMIR</Point>
       <Point>CRONN</Point>
       <Point>DRAWN</Point>
       <Point>EGITI</Point>
       <Point>GUREB</Point>
       <Point>GURVA</Point>
       <Point>IDVUM</Point>
       <Point>IGBED</Point>
       <Point>IPMOP</Point>
       <Point>JELOT</Point>
       <Point>JIPIG</Point>
       <Point>KAKSI</Point>
       <Point>LAVEK</Point>
       <Point>MAGPO</Point>
       <Point>MALBO</Point>
       <Point>MANEV</Point>
       <Point>MOANA</Point>
       <Point>NINOD</Point>
       <Point>NIPOG</Point>
       <Point>NIVAL</Point>
       <Point>NOMIS</Point>
       <Point>OSPOD</Point>
       <Point>PAKMI</Point>
       <Point>REVRI</Point>
       <Point>SETTS</Point>
       <Point>SIRUS</Point>
       <Point>SORDD</Point>
       <Point>TAVIS</Point>
       <Point>TEMAT</Point>
       <Point>UDUMA</Point>
       <Point>UGANI</Point>
       <Point>UNTET</Point>
       <Point>ZELBA</Point>
       <Point>NFTE</Point>
       <Point>NFTL</Point>
       <Point>NFTO</Point>
       <Point>NFTP</Point>
       <Point>ADISN</Point>
       <Point>ADOWA</Point>
       <Point>APIDO</Point>
       <Point>APOTO</Point>
       <Point>ARVII</Point>
       <Point>ATABU</Point>
       <Point>ATSUN</Point>
       <Point>BAMBI</Point>
       <Point>BARKR</Point>
       <Point>BAYUS</Point>
       <Point>BEBOB</Point>
       <Point>BESTY</Point>
       <Point>BOLAD</Point>
       <Point>CEBUR</Point>
       <Point>CHEEM</Point>
       <Point>CINTO</Point>
       <Point>CROBY</Point>
       <Point>DABAP</Point>
       <Point>DADLU</Point>
       <Point>DADOK</Point>
       <Point>DASNE</Point>
       <Point>DATBE</Point>
       <Point>DOPOM</Point>
       <Point>DULCE</Point>
       <Point>EBEBE</Point>
       <Point>EGKEL</Point>
       <Point>GAKTO</Point>
       <Point>GONAX</Point>
       <Point>GOTSO</Point>
       <Point>GUMKO</Point>
       <Point>HANPI</Point>
       <Point>HELGE</Point>
       <Point>IPLUG</Point>
       <Point>ISPAK</Point>
       <Point>KABKA</Point>
       <Point>KARKO</Point>
       <Point>KENNE</Point>
       <Point>LALAP</Point>
       <Point>LIBTI</Point>
       <Point>MEKES</Point>
       <Point>MIBAD</Point>
       <Point>MOLGI</Point>
       <Point>MURUA</Point>
       <Point>NAMIE</Point>
       <Point>NIXEE</Point>
       <Point>NODAD</Point>
       <Point>NUPDO</Point>
       <Point>NUTTO</Point>
       <Point>POLOR</Point>
       <Point>RAGDE</Point>
       <Point>RAMIZ</Point>
       <Point>RAYOR</Point>
       <Point>RUDEE</Point>
       <Point>RULOM</Point>
       <Point>SADIT</Point>
       <Point>SAKOB</Point>
       <Point>SAMEP</Point>
       <Point>SELVU</Point>
       <Point>SUDOR</Point>
       <Point>SUNTA</Point>
       <Point>TAKIE</Point>
       <Point>TARDE</Point>
       <Point>TARPP</Point>
       <Point>TENOR</Point>
       <Point>UBKIM</Point>
       <Point>VETEA</Point>
       <Point>VUGSU</Point>
       <Point>60VLI</Point>
       <Point>ABVAT</Point>
       <Point>ABVUB</Point>
       <Point>ADKAD</Point>
       <Point>AGEDU</Point>
       <Point>AGEXO</Point>
       <Point>AGPOM</Point>
       <Point>AGREX</Point>
       <Point>AGTAG</Point>
       <Point>AGTEM</Point>
       <Point>AGTOS</Point>
       <Point>AGUTA</Point>
       <Point>AKLOM</Point>
       <Point>AKNAK</Point>
       <Point>AKUMO</Point>
       <Point>ALAPI</Point>
       <Point>ALBAB</Point>
       <Point>ANBAT</Point>
       <Point>ANRIK</Point>
       <Point>ANSIT</Point>
       <Point>AROBA</Point>
       <Point>AROXA</Point>
       <Point>ARTOP</Point>
       <Point>ASOKI</Point>
       <Point>ASORO</Point>
       <Point>ATIBA</Point>
       <Point>ATLUR</Point>
       <Point>ATOLL</Point>
       <Point>ATOPO</Point>
       <Point>ATPEN</Point>
       <Point>ATRAS</Point>
       <Point>ATURE</Point>
       <Point>AUTEL</Point>
       <Point>BAVAP</Point>
       <Point>BAXIL</Point>
       <Point>BEACH</Point>
       <Point>BEBIG</Point>
       <Point>BEDOK</Point>
       <Point>BEGIT</Point>
       <Point>BENKO</Point>
       <Point>BIBUP</Point>
       <Point>BIDAN</Point>
       <Point>BIGAN</Point>
       <Point>BIGEK</Point>
       <Point>BIGRA</Point>
       <Point>BISOX</Point>
       <Point>BISUN</Point>
       <Point>BIXIT</Point>
       <Point>BODEG</Point>
       <Point>BODER</Point>
       <Point>BODKI</Point>
       <Point>BOENZ</Point>
       <Point>BOILS</Point>
       <Point>BOMTI</Point>
       <Point>BONLO</Point>
       <Point>BUDRA</Point>
       <Point>BUSTA</Point>
       <Point>BUTVI</Point>
       <Point>BUVAR</Point>
       <Point>BYRRD</Point>
       <Point>CARRP</Point>
       <Point>CUFFY</Point>
       <Point>DABAS</Point>
       <Point>DAGDA</Point>
       <Point>DAKAM</Point>
       <Point>DALDI</Point>
       <Point>DALOS</Point>
       <Point>DALUN</Point>
       <Point>DARMA</Point>
       <Point>DASSA</Point>
       <Point>DODUX</Point>
       <Point>DOGSA</Point>
       <Point>DOLSI</Point>
       <Point>DOMAX</Point>
       <Point>DOROS</Point>
       <Point>DOTIK</Point>
       <Point>DOVOM</Point>
       <Point>DOVRR</Point>
       <Point>DUBOP</Point>
       <Point>DUGAN</Point>
       <Point>DUGOM</Point>
       <Point>DUMUL</Point>
       <Point>DUMUM</Point>
       <Point>DUNEY</Point>
       <Point>EGATO</Point>
       <Point>EKAPA</Point>
       <Point>EKEDI</Point>
       <Point>EKETI</Point>
       <Point>EKUDO</Point>
       <Point>ELDOG</Point>
       <Point>ELLMS</Point>
       <Point>ELNOS</Point>
       <Point>ELNUR</Point>
       <Point>ELSAX</Point>
       <Point>EMRAD</Point>
       <Point>EMSIX</Point>
       <Point>EMTAR</Point>
       <Point>ENDAL</Point>
       <Point>ENOUS</Point>
       <Point>ERVOS</Point>
       <Point>ESDOX</Point>
       <Point>EXORA</Point>
       <Point>FAROA</Point>
       <Point>FENSE</Point>
       <Point>FRITH</Point>
       <Point>GILUM</Point>
       <Point>GITON</Point>
       <Point>GIZO</Point>
       <Point>GOBIL</Point>
       <Point>GOBIN</Point>
       <Point>GODAB</Point>
       <Point>GODAP</Point>
       <Point>GOKAG</Point>
       <Point>GOKIT</Point>
       <Point>GOPRA</Point>
       <Point>GOPSA</Point>
       <Point>GUBKA</Point>
       <Point>GUGET</Point>
       <Point>GUKIV</Point>
       <Point>GUMRA</Point>
       <Point>GURDI</Point>
       <Point>GUSMA</Point>
       <Point>GUSOS</Point>
       <Point>GUTEL</Point>
       <Point>GUTMA</Point>
       <Point>HOBAT</Point>
       <Point>IBAKA</Point>
       <Point>IBESO</Point>
       <Point>IBOBA</Point>
       <Point>IBUKO</Point>
       <Point>IDEMU</Point>
       <Point>IDNIP</Point>
       <Point>IDSEM</Point>
       <Point>IDUTA</Point>
       <Point>IGAPI</Point>
       <Point>IGETO</Point>
       <Point>IGLET</Point>
       <Point>IKENA</Point>
       <Point>INTIB</Point>
       <Point>INTID</Point>
       <Point>INVAS</Point>
       <Point>INVID</Point>
       <Point>IRIMO</Point>
       <Point>IRSUK</Point>
       <Point>ISDOT</Point>
       <Point>ISMOP</Point>
       <Point>ISPAL</Point>
       <Point>ISTAM</Point>
       <Point>ISTOS</Point>
       <Point>JEHOO</Point>
       <Point>KABAR</Point>
       <Point>KADEN</Point>
       <Point>KAGLI</Point>
       <Point>KAKOP</Point>
       <Point>KALAG</Point>
       <Point>KALEG</Point>
       <Point>KALPO</Point>
       <Point>KAMAP</Point>
       <Point>KAPNO</Point>
       <Point>KASKU</Point>
       <Point>KETOT</Point>
       <Point>KETUP</Point>
       <Point>KILAN</Point>
       <Point>KINAG</Point>
       <Point>KRILL</Point>
       <Point>LAKER</Point>
       <Point>LAMOK</Point>
       <Point>LANAT</Point>
       <Point>LAPUM</Point>
       <Point>LASEN</Point>
       <Point>LASSE</Point>
       <Point>LATOL</Point>
       <Point>LEBOL</Point>
       <Point>LEBUT</Point>
       <Point>LEDIM</Point>
       <Point>LEDIT</Point>
       <Point>LEGOT</Point>
       <Point>LEKAX</Point>
       <Point>LEMUN</Point>
       <Point>LEPKA</Point>
       <Point>LOTRA</Point>
       <Point>LUGLA</Point>
       <Point>LUPLO</Point>
       <Point>LUTRA</Point>
       <Point>MAEVA</Point>
       <Point>MAGBA</Point>
       <Point>MAITO</Point>
       <Point>MALNI</Point>
       <Point>MANOT</Point>
       <Point>MARTI</Point>
       <Point>MASBU</Point>
       <Point>MEGOG</Point>
       <Point>MEPAB</Point>
       <Point>MEREV</Point>
       <Point>MESUS</Point>
       <Point>MEVEP</Point>
       <Point>MEXIP</Point>
       <Point>MIBOR</Point>
       <Point>MIGIS</Point>
       <Point>MIKAT</Point>
       <Point>MIKOP</Point>
       <Point>MIMAS</Point>
       <Point>MINET</Point>
       <Point>MOMBO</Point>
       <Point>MOMTA</Point>
       <Point>MORNA</Point>
       <Point>MOTKO</Point>
       <Point>MUBIT</Point>
       <Point>MUGEN</Point>
       <Point>MUKLU</Point>
       <Point>MUPOD</Point>
       <Point>MYLUS</Point>
       <Point>NANUE</Point>
       <Point>NIKES</Point>
       <Point>NILAX</Point>
       <Point>NIMOD</Point>
       <Point>NIPER</Point>
       <Point>NIPOK</Point>
       <Point>NISAS</Point>
       <Point>NISET</Point>
       <Point>NIXAM</Point>
       <Point>NOBEY</Point>
       <Point>NODOK</Point>
       <Point>NOKAK</Point>
       <Point>NONAT</Point>
       <Point>NONON</Point>
       <Point>NOPAN</Point>
       <Point>NUGLI</Point>
       <Point>NUPTO</Point>
       <Point>ODUMA</Point>
       <Point>ODUTI</Point>
       <Point>OGELA</Point>
       <Point>OKTOM</Point>
       <Point>OKTUB</Point>
       <Point>OLBAD</Point>
       <Point>OLBEX</Point>
       <Point>OMBOL</Point>
       <Point>ONETU</Point>
       <Point>ONIBA</Point>
       <Point>ONIDO</Point>
       <Point>ONURI</Point>
       <Point>OPERU</Point>
       <Point>ORAGI</Point>
       <Point>ORAMA</Point>
       <Point>ORARA</Point>
       <Point>ORARE</Point>
       <Point>OSUGA</Point>
       <Point>OTURI</Point>
       <Point>OVLAD</Point>
       <Point>OVTOS</Point>
       <Point>PABGO</Point>
       <Point>PACKO</Point>
       <Point>PAERE</Point>
       <Point>PAGBO</Point>
       <Point>PAGRA</Point>
       <Point>PAGTI</Point>
       <Point>PAKDA</Point>
       <Point>PALMI</Point>
       <Point>PAPAE</Point>
       <Point>PARZO</Point>
       <Point>PASSA</Point>
       <Point>PASTI</Point>
       <Point>PATIA</Point>
       <Point>PATUI</Point>
       <Point>PAVSI</Point>
       <Point>PEBRO</Point>
       <Point>PEHRR</Point>
       <Point>PIKIN</Point>
       <Point>PILID</Point>
       <Point>PONAT</Point>
       <Point>PONOK</Point>
       <Point>POPAS</Point>
       <Point>POPIR</Point>
       <Point>POREN</Point>
       <Point>POXAK</Point>
       <Point>PUKET</Point>
       <Point>PULON</Point>
       <Point>PULOS</Point>
       <Point>PUMIS</Point>
       <Point>PUNIX</Point>
       <Point>PUPEX</Point>
       <Point>PUPIS</Point>
       <Point>QUIGG</Point>
       <Point>RAXER</Point>
       <Point>REDAM</Point>
       <Point>REGIT</Point>
       <Point>REPOL</Point>
       <Point>REVRO</Point>
       <Point>RIGMI</Point>
       <Point>RIPNA</Point>
       <Point>ROBKO</Point>
       <Point>RUGRO</Point>
       <Point>RUMIX</Point>
       <Point>RUMUS</Point>
       <Point>RUNOD</Point>
       <Point>RUTAK</Point>
       <Point>SABUB</Point>
       <Point>SADIM</Point>
       <Point>SAKLO</Point>
       <Point>SAKPI</Point>
       <Point>SALAG</Point>
       <Point>SALAN</Point>
       <Point>SALIT</Point>
       <Point>SAMAD</Point>
       <Point>SAMIB</Point>
       <Point>SAMVU</Point>
       <Point>SAPIR</Point>
       <Point>SAPIX</Point>
       <Point>SARAP</Point>
       <Point>SAREG</Point>
       <Point>SARMI</Point>
       <Point>SCUBA</Point>
       <Point>SELKA</Point>
       <Point>SNIPT</Point>
       <Point>SOSPI</Point>
       <Point>SOVRA</Point>
       <Point>SUGNI</Point>
       <Point>SULON</Point>
       <Point>TAERO</Point>
       <Point>TAMOR</Point>
       <Point>TAMUR</Point>
       <Point>TANEN</Point>
       <Point>TANIL</Point>
       <Point>TAPAP</Point>
       <Point>TARAO</Point>
       <Point>TARIB</Point>
       <Point>TARON</Point>
       <Point>TASAK</Point>
       <Point>TASAX</Point>
       <Point>TATAS</Point>
       <Point>TATIA</Point>
       <Point>TAVAK</Point>
       <Point>TAVER</Point>
       <Point>TAXIS</Point>
       <Point>TEANO</Point>
       <Point>TEBUR</Point>
       <Point>TEDAG</Point>
       <Point>TEKEP</Point>
       <Point>TEKOT</Point>
       <Point>TEPAM</Point>
       <Point>TEPEK</Point>
       <Point>TERAN</Point>
       <Point>TERUX</Point>
       <Point>TESAR</Point>
       <Point>TIAMA</Point>
       <Point>TIAMU</Point>
       <Point>TIERE</Point>
       <Point>TOLAB</Point>
       <Point>TOLUS</Point>
       <Point>TOPOM</Point>
       <Point>TUNBA</Point>
       <Point>TUTMU</Point>
       <Point>TUTRI</Point>
       <Point>UBDAK</Point>
       <Point>UBLIN</Point>
       <Point>UBRAX</Point>
       <Point>UGABO</Point>
       <Point>UPDIX</Point>
       <Point>UPLAR</Point>
       <Point>UPNAR</Point>
       <Point>URKEP</Point>
       <Point>URROA</Point>
       <Point>UVUTI</Point>
       <Point>UXULU</Point>
       <Point>VAITE</Point>
       <Point>VAKRO</Point>
       <Point>VAVEE</Point>
       <Point>VEMET</Point>
       <Point>VENAN</Point>
       <Point>VEPAS</Point>
       <Point>VESUN</Point>
       <Point>VIBEX</Point>
       <Point>VIMEK</Point>
       <Point>VIPOB</Point>
       <Point>VIRAR</Point>
       <Point>VISIK</Point>
       <Point>WACOS</Point>
       <Point>WIBIG</Point>
       <Point>WOOBY</Point>
       <Point>WOSLU</Point>
      </Label>
    </Map>
  </Maps>
  