﻿<?xml version="1.0" encoding="UTF-8"?>
<Maps>
  <Map Type="System2" Name="ALL_AIRPORTS" Priority="2" Center="-25.0-175.0">
    <Label HasLeader="true" LabelOrientation="NW">
      <Point>AGGH</Point>
      <Point>ANYN</Point>
      <Point>NFCI</Point>
      <Point>NFFN</Point>
      <Point>NFFO</Point>
      <Point>NFKB</Point>
      <Point>NFKD</Point>
      <Point>NFMO</Point>
      <Point>NFNA</Point>
      <Point>NFNB</Point>
      <Point>NFNG</Point>
      <Point>NFNH</Point>
      <Point>NFNK</Point>
      <Point>NFNL</Point>
      <Point>NFNM</Point>
      <Point>NFNO</Point>
      <Point>NFNR</Point>
      <Point>NFNS</Point>
      <Point>NFNW</Point>
      <Point>NFSW</Point>
      <Point>NFVB</Point>
      <Point>NFVL</Point>
      <Point>NGFU</Point>
      <Point>NGNU</Point>
      <Point>NGTA</Point>
      <Point>NGTB</Point>
      <Point>NGTE</Point>
      <Point>NGTR</Point>
      <Point>NGTU</Point>
      <Point>NLWF</Point>
      <Point>NLWW</Point>
      <Point>NVSA</Point>
      <Point>NVSC</Point>
      <Point>NVSE</Point>
      <Point>NVSF</Point>
      <Point>NVSG</Point>
      <Point>NVSO</Point>
      <Point>NVSP</Point>
      <Point>NVSS</Point>
      <Point>NVVF</Point>
      <Point>NVVV</Point>
      <Point>NVVW</Point>
      <Point>NWWA</Point>
      <Point>NWWB</Point>
      <Point>NWWC</Point>
      <Point>NWWD</Point>
      <Point>NWWE</Point>
      <Point>NWWK</Point>
      <Point>NWWL</Point>
      <Point>NWWM</Point>
      <Point>NWWP</Point>
      <Point>NWWR</Point>
      <Point>NWWT</Point>
      <Point>NWWU</Point>
      <Point>NWWV</Point>
      <Point>NWWW</Point>
      <Point>NWWX</Point>
      <Point>NZWD</Point>
      <Point>NZIR</Point>
      <Point>NZFX</Point>
      <Point>NZPG</Point>
      <Point>NCAI</Point>
      <Point>NCAT</Point>
      <Point>NCMG</Point> 
      <Point>NCMH</Point>
      <Point>NCMK</Point>
      <Point>NCMR</Point>
      <Point>NCPY</Point>
      <Point>NCPK</Point>
      <Point>NCRG</Point>
      <Point>NIUE</Point>
      <Point>NSAU</Point>
      <Point>NSMA</Point>
      <Point>NSFA</Point>
      <Point>NSFQ</Point>
      <Point>NSAS</Point>
      <Point>NSTU</Point>
      <Point>NTHE</Point>
      <Point>NTGA</Point>
      <Point>NTGD</Point>
      <Point>NTKK</Point>
      <Point>NTGR</Point>
      <Point>NTGU</Point>
      <Point>NTBB</Point>
      <Point>NTKF</Point>
      <Point>NTKH</Point>
      <Point>NTGF</Point>
      <Point>NTGB</Point>
      <Point>NTTO</Point>
      <Point>NTGH</Point>
      <Point>NTMN</Point>
      <Point>NTTH</Point>
      <Point>NTKT</Point>
      <Point> NTKA</Point>
      <Point>NTGK</Point>
      <Point>NTGM</Point>
      <Point>NTGI</Point>
      <Point>NTGV</Point>
      <Point>NTTP</Point>
      <Point>NTTM</Point>
      <Point>NTGN</Point>
      <Point>NTKN</Point>
      <Point>NTKU</Point>
      <Point>NTMD</Point>
      <Point>NTGW</Point>
      <Point>NTGP</Point>
      <Point>NTGQ</Point>
      <Point>NTTR</Point>
      <Point>NTAV</Point>
      <Point>NTTG</Point>
      <Point>NTKO</Point>
      <Point>NTGE</Point>
      <Point>NTAM</Point>
      <Point>NTAR</Point>
      <Point>NTAA</Point>
      <Point>NTGT</Point>
      <Point>NTKR</Point>
      <Point>NTKM</Point>
      <Point>NTGO</Point>
      <Point>NTTE</Point>
      <Point>NTGC</Point>
      <Point>NTGJ</Point>
      <Point>NTAT</Point>
      <Point>NTGY</Point>
      <Point>NTMU</Point>
      <Point>NTMP</Point>
      <Point>NTUV</Point>
      <Point>NTUU</Point>
      <Point>NTHF</Point>
      <Point>NTHP</Point>
      <Point>NTHV</Point>
      <Point>NLWF</Point>
      <Point>NLWW</Point>
      <Point>NFTE</Point>
      <Point>NFTF</Point>
      <Point>NFTL</Point>
      <Point>NFTO</Point>
      <Point>NFTP</Point>
      <Point>NFTV</Point>
      <Point>NTTX</Point>
      <Point>PLCH</Point>
      <Point>YSNF</Point>
    </Label>
    <Symbol Type="Reticle">
     <Point>AGGH</Point>
      <Point>ANYN</Point>
      <Point>NFCI</Point>
      <Point>NFFN</Point>
      <Point>NFFO</Point>
      <Point>NFKB</Point>
      <Point>NFKD</Point>
      <Point>NFMO</Point>
      <Point>NFNA</Point>
      <Point>NFNB</Point>
      <Point>NFNG</Point>
      <Point>NFNH</Point>
      <Point>NFNK</Point>
      <Point>NFNL</Point>
      <Point>NFNM</Point>
      <Point>NFNO</Point>
      <Point>NFNR</Point>
      <Point>NFNS</Point>
      <Point>NFNW</Point>
      <Point>NFSW</Point>
      <Point>NFVB</Point>
      <Point>NFVL</Point>
      <Point>NGFU</Point>
      <Point>NGNU</Point>
      <Point>NGTA</Point>
      <Point>NGTB</Point>
      <Point>NGTE</Point>
      <Point>NGTR</Point>
      <Point>NGTU</Point>
      <Point>NLWF</Point>
      <Point>NLWW</Point>
      <Point>NVSA</Point>
      <Point>NVSC</Point>
      <Point>NVSE</Point>
      <Point>NVSF</Point>
      <Point>NVSG</Point>
      <Point>NVSO</Point>
      <Point>NVSP</Point>
      <Point>NVSS</Point>
      <Point>NVVF</Point>
      <Point>NVVV</Point>
      <Point>NVVW</Point>
      <Point>NWWA</Point>
      <Point>NWWB</Point>
      <Point>NWWC</Point>
      <Point>NWWD</Point>
      <Point>NWWE</Point>
      <Point>NWWK</Point>
      <Point>NWWL</Point>
      <Point>NWWM</Point>
      <Point>NWWP</Point>
      <Point>NWWR</Point>
      <Point>NWWT</Point>
      <Point>NWWU</Point>
      <Point>NWWV</Point>
      <Point>NWWW</Point>
      <Point>NWWX</Point>
      <Point>NZWD</Point>
      <Point>NZIR</Point>
      <Point>NZFX</Point>
      <Point>NZPG</Point>
      <Point>NCAI</Point>
      <Point>NCAT</Point>
      <Point>NCMG</Point> 
      <Point>NCMH</Point>
      <Point>NCMK</Point>
      <Point>NCMR</Point>
      <Point>NCPY</Point>
      <Point>NCPK</Point>
      <Point>NCRG</Point>
      <Point>NIUE</Point>
      <Point>NSAU</Point>
      <Point>NSMA</Point>
      <Point>NSFA</Point>
      <Point>NSFQ</Point>
      <Point>NSAS</Point>
      <Point>NSTU</Point>
      <Point>NTHE</Point>
      <Point>NTGA</Point>
      <Point>NTGD</Point>
      <Point>NTKK</Point>
      <Point>NTGR</Point>
      <Point>NTGU</Point>
      <Point>NTBB</Point>
      <Point>NTKF</Point>
      <Point>NTKH</Point>
      <Point>NTGF</Point>
      <Point>NTGB</Point>
      <Point>NTTO</Point>
      <Point>NTGH</Point>
      <Point>NTMN</Point>
      <Point>NTTH</Point>
      <Point>NTKT</Point>
      <Point> NTKA</Point>
      <Point>NTGK</Point>
      <Point>NTGM</Point>
      <Point>NTGI</Point>
      <Point>NTGV</Point>
      <Point>NTTP</Point>
      <Point>NTTM</Point>
      <Point>NTGN</Point>
      <Point>NTKN</Point>
      <Point>NTKU</Point>
      <Point>NTMD</Point>
      <Point>NTGW</Point>
      <Point>NTGP</Point>
      <Point>NTGQ</Point>
      <Point>NTTR</Point>
      <Point>NTAV</Point>
      <Point>NTTG</Point>
      <Point>NTKO</Point>
      <Point>NTGE</Point>
      <Point>NTAM</Point>
      <Point>NTAR</Point>
      <Point>NTAA</Point>
      <Point>NTGT</Point>
      <Point>NTKR</Point>
      <Point>NTKM</Point>
      <Point>NTGO</Point>
      <Point>NTTE</Point>
      <Point>NTGC</Point>
      <Point>NTGJ</Point>
      <Point>NTAT</Point>
      <Point>NTGY</Point>
      <Point>NTMU</Point>
      <Point>NTMP</Point>
      <Point>NTUV</Point>
      <Point>NTUU</Point>
      <Point>NTHF</Point>
      <Point>NTHP</Point>
      <Point>NTHV</Point>
      <Point>NLWF</Point>
      <Point>NLWW</Point>
      <Point>NFTE</Point>
      <Point>NFTF</Point>
      <Point>NFTL</Point>
      <Point>NFTO</Point>
      <Point>NFTP</Point>
      <Point>NFTV</Point>
      <Point>NTTX</Point>
      <Point>PLCH</Point>
      <Point>YSNF</Point>
    </Symbol>
    <Symbol Type="Circle" />
  </Map>
</Maps>