﻿<?xml version="1.0" encoding="UTF-8"?>
<Maps>
  <Map Type="System" Name="NU_RWY10" Priority="1" Centre="-190441.000-1695336.000">
    <!--NIUE-->
    <Runway Name="10/28">
      <Threshold Name="10" Position="-190431.410-1695610.250" ExtendedCentrelineTrack="109.937" ExtendedCentrelineLength="10" ExtendedCentrelineTickInterval="1" />
      <Threshold Name="28" Position="-190457.170-1695455.090" />
    </Runway>
    <!--SIDs-->

    <Symbol Type="HollowStar">
     <Point>IBVON</Point>
     <Point>MEGUD</Point>
     <Point>APABU</Point>
     <Point>GUGAG</Point>
     <Point>UE901</Point>
    </Symbol>
  </Map>
  <Map Type="System" Name="NU_RWY10_NAMES" Priority="2" Centre="-190441.000-1695336.000">
    <Label>
      <Point>IBVON</Point>
     <Point>MEGUD</Point>
     <Point>APABU</Point>
     <Point>UE901</Point>
     <Point>GUGAG</Point>
     <Point>NU VOR</Point>
     <Point>NU NDB</Point>
    </Label>
  </Map>
</Maps>